videoId,totalWords,totalUniqueWords,totalSentences,avgSyllPerSec,avgCEFRScore,readability,uncommonRatio,A1ratio,A2ratio,B1ratio,B2ratio,C1ratio,C2ratio,Nratio
WPVwsiTdDHA,1566,721,183,2.032208985112856,3.2568654646324546,7.541990977922286,45.07628294036061,29.126213592233007,15.53398058252427,13.120665742024965,10.929264909847433,5.325936199722607,0.0,25.96393897364771
7HFTaqWbP2Y,597,221,143,1.0801041982873638,2.6217194570135747,5.4227726861373915,33.03167420814479,48.59728506787331,11.583710407239819,9.683257918552036,7.511312217194571,4.4343891402714934,0.0,18.19004524886878
nxdeh_7QJy8,97,78,14,1.9071071526555627,3.2051282051282053,7.024041758241758,42.30769230769231,30.76923076923077,13.333333333333334,14.615384615384617,11.538461538461538,5.384615384615385,0.0,24.358974358974358
ZJAKd4hg_m0,1024,529,144,1.7698437453910327,3.303213610586011,7.277626044948541,43.85633270321361,29.829867674858225,13.988657844990549,12.627599243856332,10.51039697542533,5.671077504725898,0.03780718336483932,27.334593572778825
KC6ZShT5_VQ,94,78,7,1.2849210436414251,3.1333333333333337,8.156185347985348,47.43589743589743,38.20512820512821,10.76923076923077,9.230769230769232,9.487179487179489,5.897435897435897,0.0,26.410256410256412
cxRVgo3-l54,17781,3451,2048,2.1070244763336325,4.227064618951029,10.496701400182918,63.74963778614894,12.657200811359026,10.715734569689946,12.442770211532888,13.190379600115909,7.435525934511736,0.11011301072152999,43.44827586206897
AvhmljqyDms,2016,714,196,2.2469055275772103,3.3232492997198877,8.559975350140057,50.98039215686274,27.450980392156865,15.658263305322128,13.529411764705882,10.61624649859944,5.966386554621849,0.08403361344537814,26.69467787114846
vmR8JAJGb6s,935,530,88,2.074389292538673,3.0928301886792453,7.796358490566038,46.0377358490566,33.47169811320755,14.943396226415096,12.150943396226415,11.056603773584905,5.018867924528302,0.07547169811320756,23.28301886792453
oxAp6aFUbiI,275,123,53,1.1771752918113447,2.432520325203252,4.493699953980673,26.82926829268293,52.52032520325203,13.333333333333334,7.479674796747966,6.991869918699186,4.390243902439025,0.0,15.284552845528458
_lIGBJMXA_0,663,361,81,1.5246880902321434,3.0831024930747923,7.054406237816764,42.10526315789473,35.124653739612185,13.795013850415511,12.24376731301939,9.861495844875346,4.43213296398892,0.0554016620498615,24.48753462603878
VsJJjNIiIU8,1700,830,266,1.5831285075540882,3.4245783132530123,7.508100914937947,45.54216867469879,28.072289156626507,13.132530120481928,12.048192771084338,11.373493975903614,5.759036144578313,0.07228915662650602,29.542168674698793
V2AJOdoXoTM,297,212,29,2.3700146168302365,2.656603773584906,6.689906376057255,39.15094339622642,45.56603773584905,13.773584905660377,10.471698113207546,8.39622641509434,3.207547169811321,0.0,18.584905660377355
hH_2gfxCBQk,1139,546,144,2.0498136363805597,3.063736263736264,6.87027094017094,41.02564102564102,33.91941391941391,14.43223443223443,13.003663003663005,10.842490842490843,5.604395604395605,0.0,22.1978021978022
zNuMGQuQFFs,893,462,84,2.0083679452257757,2.975324675324676,7.294438095238095,42.857142857142854,35.108225108225106,15.238095238095239,12.987012987012985,11.16883116883117,4.675324675324675,0.0,20.82251082251082
Fj_4J7DazPg,250,179,31,2.091952314497505,2.699441340782123,6.222011173184359,36.87150837988827,43.35195530726257,14.636871508379887,11.061452513966481,9.050279329608939,3.4636871508379885,0.0,18.435754189944134
yGbkLG1b8WA,3029,1199,379,2.135721295122607,3.6730608840700585,8.75891781321726,52.960800667222685,22.318598832360305,13.394495412844037,12.527105921601333,12.093411175979982,5.754795663052543,0.1000834028356964,33.81150959132611
joCUuDPUZjQ,190,142,23,2.2647121787432543,2.7816901408450705,6.525584200857318,38.732394366197184,44.08450704225352,12.3943661971831,10.422535211267606,8.028169014084508,4.507042253521127,0.0,20.56338028169014
2zYLntVHGRw,1260,612,143,1.9896439034823752,3.303921568627451,7.738619932355228,46.24183006535948,29.934640522875817,14.346405228758169,12.058823529411764,10.588235294117647,5.196078431372549,0.13071895424836602,27.745098039215687
58QmxIzvNDc,1357,421,146,2.406358406885347,2.889311163895487,7.212077102788534,42.75534441805225,37.387173396674584,15.01187648456057,13.30166270783848,9.643705463182899,4.89311163895487,0.047505938242280284,19.71496437054632
RKOoFB9O30s,835,479,90,2.0662512299114475,3.303966597077244,8.76723414520993,52.609603340292274,29.18580375782881,14.154488517745303,12.275574112734864,12.31732776617954,5.594989561586639,0.0,26.47181628392484
ZsExkXeu_qA,2568,830,339,2.5092666327663027,3.4074698795180725,7.757080371041689,46.74698795180723,27.590361445783135,14.289156626506022,12.481927710843372,11.036144578313252,4.626506024096385,0.07228915662650602,29.903614457831324
D9WnEVtELt4,83,70,8,1.419896296859747,3.457142857142857,9.086314285714286,54.285714285714285,29.42857142857143,11.142857142857142,13.142857142857142,9.428571428571427,4.285714285714286,0.0,32.57142857142858
AtbhSRCR7S0,1191,593,140,1.9600965489484514,3.1966273187183813,7.23854787761985,43.17032040472175,31.197301854974707,15.615514333895447,12.175379426644183,10.050590219224285,5.261382799325463,0.03372681281618887,25.66610455311973
pBCLoeWM3C8,1681,802,157,2.195876056318866,3.512219451371571,9.056092453579428,53.99002493765585,24.03990024937656,13.890274314214466,13.865336658354115,12.817955112219451,5.785536159600997,0.09975062344139653,29.501246882793016
n-qjx1oSWuk,1348,418,141,2.3708086385812703,2.929665071770335,7.198161362788015,42.58373205741627,37.846889952153106,14.545454545454545,12.200956937799043,9.617224880382775,3.7799043062200957,0.09569377990430622,21.913875598086126
E5Y9Of8L4b8,3433,802,381,2.273523723819865,3.3678304239401498,8.2828558970029,49.62593516209476,28.703241895261844,15.037406483790521,11.620947630922695,10.074812967581046,4.5386533665835405,0.07481296758104738,29.9501246882793
6NwN6YREiQE,1424,462,147,2.4126835114459864,2.934199134199134,7.350154236239951,43.506493506493506,37.01298701298701,15.238095238095239,12.077922077922079,9.913419913419913,4.5021645021645025,0.12987012987012986,21.125541125541126
Ba3hX_TRUz4,1096,409,215,2.1303898660781906,2.936430317848411,6.121010910331496,37.163814180929094,40.048899755501225,13.838630806845966,10.317848410757948,7.921760391198044,3.960880195599022,0.0,23.9119804400978
lXnEVKzDvbA,4924,1002,508,2.3214485004232364,3.424750499001996,8.738213613717447,52.29540918163673,27.125748502994014,14.151696606786428,12.15568862275449,11.696606786427147,5.429141716566866,0.03992015968063872,29.40119760479042
BhTJD7Nhmig,330,162,62,0.8188936049856002,2.291358024691358,4.74758024691358,28.39506172839506,55.925925925925924,13.333333333333334,7.160493827160494,7.160493827160494,2.0987654320987654,0.0,14.320987654320987
6144EJIDj94,1188,536,139,1.9864380147284588,3.196268656716418,7.140561215505209,42.53731343283582,32.08955223880597,14.850746268656714,11.753731343283583,10.44776119402985,4.365671641791045,0.0373134328358209,26.455223880597018
LUMisKBtOfE,1860,541,280,2.341058465830473,3.0417744916820704,7.042424716134144,42.513863216266174,34.82439926062847,15.785582255083181,12.31053604436229,9.131238447319777,3.364140480591497,0.0,24.58410351201479
uAJm9COWUpc,1531,461,177,2.415791996420002,3.011713665943601,7.758874144882778,46.420824295010846,36.00867678958785,13.709327548806943,13.275488069414317,9.84815618221258,4.425162689804772,0.08676789587852496,22.646420824295014
rjuvjhUv1VQ,1860,746,184,2.1005738279554746,3.0812332439678283,7.6979060496561384,45.57640750670242,30.750670241286866,16.595174262734584,13.887399463806972,12.010723860589811,6.058981233243968,0.05361930294906167,20.64343163538874
KoLrymTT2co,1884,710,251,2.2099573275332616,3.193521126760564,7.533395005891926,45.352112676056336,31.04225352112676,15.380281690140846,11.915492957746478,11.295774647887324,5.577464788732395,0.11267605633802817,24.676056338028168
6tW5E4KKSzY,233,176,33,2.117065572802595,3.118181818181818,7.078899242424243,42.61363636363637,32.61363636363636,15.454545454545453,12.386363636363637,10.454545454545453,5.227272727272727,0.11363636363636365,23.75
oWocebisb5k,2378,667,292,2.387271280629792,3.1640179910044974,7.576902762317473,45.42728635682159,31.754122938530738,15.562218890554721,12.263868065967017,10.434782608695652,4.917541229385307,0.059970014992503755,25.007496251874066
ElyXJOF1Es4,1139,508,111,2.2958376585677662,3.1440944881889763,8.310710527062497,49.40944881889764,32.59842519685039,14.212598425196852,12.755905511811022,11.141732283464567,5.196850393700787,0.03937007874015749,24.055118110236222
y3DSoSia__Q,661,395,57,2.060891513048181,3.1124050632911393,7.450831534532535,43.54430379746835,35.69620253164557,13.063291139240507,11.443037974683545,9.772151898734178,4.151898734177214,0.05063291139240507,25.82278481012658
PnceSzQ-CpI,1235,607,132,2.085152623849812,3.065238879736408,7.3315400129798824,43.49258649093905,32.48764415156507,15.782537067545304,13.607907742998352,11.13673805601318,4.810543657331136,0.0,22.174629324546952
lkVhSBX9qYA,1459,524,191,2.19083794325337,2.951908396946565,6.827469461652214,40.839694656488554,37.48091603053435,15.458015267175574,11.106870229007635,9.274809160305344,3.7022900763358777,0.11450381679389314,22.862595419847327
8FHQRHux4pk,2751,820,283,2.2038549352000247,3.2243902439024397,7.491373575799363,44.390243902439025,31.024390243902438,14.658536585365853,12.170731707317072,11.26829268292683,4.7560975609756095,0.02439024390243903,26.097560975609756
QlgIWfBb0Ys,669,428,62,2.2226253154268107,3.055140186915888,7.323424299065421,42.99065420560748,34.90654205607477,14.299065420560748,11.869158878504672,10.607476635514018,5.934579439252336,0.04672897196261683,22.33644859813084
7QJPCIBgV5g,465,284,52,2.13876306711152,2.8471830985915494,7.726953954496209,46.12676056338028,39.929577464788736,14.507042253521126,11.408450704225352,9.71830985915493,3.9436619718309855,0.0,20.492957746478872
7MJFxHRGkhg,3033,723,300,2.22663390827465,3.151313969571231,7.926905515905948,47.026279391424616,31.535269709543567,15.629322268326417,12.80774550484094,10.677731673582297,4.8962655601659755,0.11065006915629322,24.343015214384508
wm9J8o6zrSI,1391,727,154,2.0676407348147596,3.352407152682256,7.984640375855231,47.73039889958734,28.36313617606602,14.002751031636866,13.204951856946353,10.674002751031637,5.969738651994497,0.055020632737276476,27.730398899587342
3dUGhEtptZE,4542,785,623,2.201993281370382,3.0680254777070064,7.03967396714071,42.29299363057325,31.898089171974526,17.401273885350317,13.095541401273886,10.038216560509554,4.738853503184714,0.0,22.828025477707005
pymx0Nkry2Q,1602,458,229,2.1587549456612334,2.873362445414847,6.793992139737992,40.8296943231441,36.63755458515284,16.069868995633186,12.707423580786026,11.528384279475983,4.0174672489082965,0.0,19.03930131004367
1QHv_7RQARA,2759,759,266,2.2389888063731753,3.230566534914361,8.170217726133515,48.484848484848484,31.330698287220027,14.677206851119895,11.936758893280631,10.513833992094861,4.743083003952568,0.05270092226613966,26.745718050065875
DRO-4KX58Zc,912,500,88,2.107565717226799,2.97,7.587956363636365,44.800000000000004,36.12,15.080000000000002,12.559999999999999,10.280000000000001,3.84,0.04,22.080000000000002
xQp6v7247L0,2311,589,310,1.9212045063378602,3.130390492359932,7.527535891341258,45.331069609507644,33.921901528013585,14.66893039049236,11.98641765704584,9.168081494057725,4.380305602716469,0.03395585738539898,25.840407470288625
uTakBYZxSQo,1906,522,196,2.213850715642756,2.9911877394636015,7.560610555946518,44.827586206896555,34.59770114942528,16.360153256704983,13.141762452107278,9.272030651340996,4.482758620689655,0.03831417624521073,22.107279693486593
WIrXrNBdYb8,2958,528,489,2.0381054896665676,2.6568181818181817,5.324125264919131,31.818181818181817,40.75757575757575,18.06818181818182,12.992424242424242,7.992424242424242,3.295454545454545,0.0,16.893939393939394
1YQYPIV9-sY,1436,687,146,1.944164971735055,3.265502183406114,7.980626779127037,47.45269286754003,29.868995633187772,14.323144104803495,12.809315866084425,11.353711790393014,5.676855895196507,0.058224163027656484,25.90975254730713
rdE33G9M76U,2448,632,447,1.8049799069786328,2.967405063291139,5.943043127176961,35.91772151898734,35.75949367088608,16.67721518987342,11.80379746835443,9.30379746835443,3.7341772151898738,0.09493670886075949,22.626582278481013
7VK5HlQOczc,4034,1228,494,1.9797469946935968,3.630618892508143,8.814365445937572,53.25732899022802,23.859934853420196,13.501628664495117,12.231270358306189,10.993485342019543,4.951140065146579,0.03257328990228013,34.4299674267101
anxRp3ae0bs,1201,636,110,2.05885221763207,3.1845911949685535,8.039309113779304,47.48427672955975,30.754716981132074,14.213836477987421,13.584905660377359,12.232704402515724,5.6918238993710695,0.0628930817610063,23.459119496855344
gxxkZcJvvAM,349,202,51,2.330748101470351,2.5673267326732674,5.811201786060959,34.65346534653465,46.03960396039604,14.356435643564355,11.683168316831685,8.217821782178218,4.158415841584159,0.0,15.544554455445544
6KMmWQ73sCk,686,309,111,2.239397939868442,2.7462783171521035,5.876472212017844,35.275080906148865,42.20064724919094,15.598705501618124,11.067961165048544,7.896440129449838,2.977346278317152,0.0,20.258899676375407
o0DdM-AEdgg,1275,464,171,2.265981534937986,2.7551724137931033,6.1889840441621295,36.853448275862064,40.86206896551724,15.60344827586207,12.241379310344827,8.706896551724137,3.620689655172414,0.0,18.96551724137931
Q3cNWpAUQnE,736,310,110,2.2537348178950163,2.681935483870968,5.78196586510264,34.516129032258064,44.193548387096776,14.32258064516129,11.35483870967742,7.935483870967743,3.612903225806451,0.0,18.580645161290324
k_HmywMAoVo,554,264,120,1.8052497047563982,2.6234848484848485,5.0736457575757585,30.681818181818183,46.060606060606055,14.318181818181817,10.681818181818182,7.424242424242425,3.181818181818182,0.0,18.333333333333332
Kwsq-hfTTjE,292,196,44,1.853159195199436,2.639795918367347,5.807326901669759,34.69387755102041,44.285714285714285,13.77551020408163,12.857142857142856,8.877551020408163,3.1632653061224487,0.10204081632653061,16.93877551020408
dAMf5L_PLdo,325,157,52,2.3063206956138598,2.3783439490445857,5.4392356687898085,32.48407643312102,55.6687898089172,11.59235668789809,7.643312101910828,5.987261146496816,2.547770700636943,0.0,16.560509554140125
zDcxkAEcYGo,2652,770,364,2.3936614530127525,2.951428571428571,6.574838961038962,39.350649350649356,34.285714285714285,17.16883116883117,13.506493506493506,9.844155844155845,4.545454545454546,0.025974025974025976,20.623376623376625
NhvtDO1GZ8I,1051,389,144,2.376609002895723,2.6385604113110537,6.004196201085405,35.732647814910024,44.113110539845756,15.629820051413882,10.796915167095115,8.534704370179949,3.5989717223650386,0.0,17.326478149100257
sP_vqFQZ2yo,88,60,13,1.7186473234595356,2.5933333333333337,5.599087179487179,33.33333333333333,53.99999999999999,8.333333333333332,7.333333333333333,5.333333333333334,4.666666666666666,0.0,20.333333333333332
6rF63xyERGo,202,123,39,2.1548117154811717,2.47479674796748,5.39186191369606,32.52032520325203,50.081300813008134,13.821138211382115,9.430894308943088,7.154471544715448,4.227642276422764,0.0,15.284552845528458
nbEVqKg3W9c,738,326,101,2.4495164316699545,2.5926380368098156,5.254417627406912,30.981595092024538,45.030674846625764,14.294478527607362,12.82208588957055,8.098159509202453,3.742331288343558,0.0,16.01226993865031
YtpFlOQVoYE,617,312,88,2.023408470986426,2.8141025641025648,6.977539277389278,41.98717948717949,40.06410256410257,14.871794871794872,12.692307692307692,8.333333333333332,4.038461538461538,0.0,20.0
TbNuuLdQjX4,245,115,37,1.9370167746750149,2.511304347826087,5.4086933019976495,32.17391304347826,48.69565217391305,13.91304347826087,11.304347826086957,5.565217391304348,4.695652173913044,0.0,15.826086956521737
NoL7mJ8i7oE,176,102,20,2.3728764211782862,2.5803921568627453,5.699813333333333,33.33333333333333,53.333333333333336,8.823529411764707,8.03921568627451,6.078431372549019,3.7254901960784315,0.0,20.0
Pefym39ADrk,541,240,87,2.0535197822405684,2.6233333333333335,6.032307183908046,36.25,45.5,15.583333333333332,10.166666666666666,7.000000000000001,3.3333333333333335,0.0,18.416666666666668
AZCkE0qknlk,1005,414,158,2.0285222107650807,2.7285024154589372,6.150928453494771,36.95652173913043,43.18840579710145,15.603864734299517,10.434782608695652,7.004830917874397,3.4782608695652173,0.04830917874396136,20.241545893719806
CZ6ILw2OoLw,201,147,21,2.197513857456787,2.9537414965986395,5.952906122448979,34.69387755102041,39.183673469387756,14.829931972789115,7.482993197278912,11.292517006802722,4.35374149659864,0.0,22.857142857142858
PZIVFtpncwc,402,209,61,1.6811054791008984,2.9464114832535886,6.899742944544671,41.62679425837321,42.67942583732058,11.004784688995215,8.32535885167464,9.665071770334928,3.6363636363636362,0.09569377990430622,24.593301435406698
ug3SJ-AW230,447,232,73,2.544289141583703,2.5,5.272120240906943,31.46551724137931,50.689655172413794,12.068965517241379,10.258620689655173,7.155172413793104,3.189655172413793,0.0,16.637931034482758
DwrEZRbkb4U,191,99,48,2.543484735067089,2.1030303030303026,3.7062555555555554,22.22222222222222,58.58585858585859,13.333333333333334,10.1010101010101,5.454545454545455,2.2222222222222223,0.0,10.303030303030303
Uvqn--jP18Y,213,143,42,1.658732582607404,3.07972027972028,6.8767176823176825,41.95804195804196,39.02097902097902,10.20979020979021,11.328671328671328,8.251748251748252,5.594405594405594,0.0,25.594405594405593
sUGLf1bVJyI,529,259,103,2.1612706988062094,2.5305019305019303,5.6806490834801515,34.36293436293436,49.49806949806949,14.131274131274132,9.343629343629344,5.637065637065637,3.6293436293436296,0.0,17.760617760617762
YS3X_yacdjM,522,252,75,2.2994361933413385,2.426984126984127,5.796525523809525,34.523809523809526,48.968253968253975,15.079365079365079,11.031746031746032,8.095238095238095,2.857142857142857,0.0,13.968253968253968
tJPDNymPjYQ,538,257,85,2.4372575947361272,2.652918287937743,5.84351080796521,35.019455252918284,45.525291828793776,13.229571984435799,10.894941634241246,8.638132295719844,4.202334630350195,0.0,17.509727626459142
Ggf0hJE-b4k,239,130,34,2.2011703315512805,2.436923076923077,5.207120361990951,30.76923076923077,50.15384615384616,13.076923076923078,10.923076923076923,8.923076923076923,2.6153846153846154,0.0,14.30769230769231
W2-tmVbIDNw,272,163,51,1.6379760245657302,2.570552147239264,4.817478118609407,28.834355828220858,46.62576687116564,14.846625766871165,10.061349693251532,8.588957055214724,3.067484662576687,0.0,16.809815950920246
f1gms5x1vfQ,264,128,36,2.018487570503446,2.4390625,5.174748958333334,30.46875,53.75,10.3125,9.0625,7.968749999999999,2.96875,0.15625,15.78125
iz03Ye9fd20,397,183,61,2.1634234193416835,2.5256830601092894,6.190128961748635,37.15846994535519,49.8360655737705,15.191256830601093,7.978142076502732,5.355191256830602,2.841530054644809,0.0,18.797814207650273
Zl4HGvKIucE,221,146,38,2.106939425491517,2.1863013698630134,4.073737130497476,23.972602739726025,54.93150684931507,14.794520547945206,10.95890410958904,5.89041095890411,2.8767123287671232,0.0,10.547945205479452
Fype1jfwdig,148,79,22,1.9980239323745754,2.5924050632911393,6.130001841196779,36.708860759493675,52.91139240506328,11.139240506329115,6.582278481012659,5.063291139240507,1.772151898734177,0.5063291139240507,22.0253164556962
Yvfqk7GVi50,569,238,85,2.2132078788626184,2.5075630252100845,5.108834957983194,30.252100840336134,49.495798319327726,14.033613445378151,8.823529411764707,7.647058823529411,3.8655462184873945,0.0,16.134453781512605
TlXLCrzpToo,662,311,128,2.4853944719917513,2.807073954983923,6.14604268488746,37.29903536977492,43.15112540192926,13.762057877813504,9.839228295819936,7.588424437299037,3.7942122186495184,0.0,21.864951768488748
VIE-NTkSjFQ,171,90,35,1.9397594976823866,2.271111111111111,4.803886984126984,28.888888888888886,56.22222222222223,13.111111111111112,8.444444444444445,6.000000000000001,2.0,0.0,14.222222222222221
D_SqUf_psRw,280,146,51,1.934733065024487,2.4232876712328766,4.814642492613484,28.767123287671232,50.821917808219176,14.246575342465754,9.863013698630137,6.8493150684931505,3.287671232876712,0.0,14.931506849315069
p5TycKJ3JZg,243,141,40,2.391242349121384,2.643971631205674,5.34068170212766,31.914893617021278,49.50354609929078,12.76595744680851,7.943262411347517,5.390070921985815,2.4113475177304964,0.0,21.98581560283688
c7ZBniBwMUw,976,406,120,1.8619938341139495,2.7354679802955664,6.39272367816092,37.93103448275862,42.01970443349754,15.41871921182266,11.67487684729064,7.783251231527094,4.088669950738916,0.049261083743842374,18.96551724137931
7ZQqwzSDgfo,428,217,63,2.389153144549608,2.395391705069124,4.775628673835126,28.110599078341014,51.88940092165898,13.640552995391705,8.755760368663594,8.663594470046084,2.857142857142857,0.0,14.193548387096774
fKqIPMcnAm4,161,103,36,2.156017248137985,2.380582524271845,5.893958144552321,35.92233009708738,52.62135922330098,12.815533980582524,11.067961165048544,5.825242718446602,2.7184466019417477,0.0,14.951456310679612
IlGOjre-y1s,254,154,34,2.0888315995704927,2.3740259740259737,4.779437280366693,27.92207792207792,51.16883116883116,14.155844155844155,11.298701298701298,6.753246753246754,2.7272727272727275,0.0,13.896103896103895
dJsCApZVXig,263,148,44,2.103161430645216,2.383783783783784,5.417553808353809,32.432432432432435,54.18918918918919,13.108108108108107,7.972972972972974,5.9459459459459465,2.4324324324324325,0.0,16.35135135135135
TIhRxAUZt2s,503,211,75,2.0980216773650437,2.233175355450237,4.074356827804108,23.696682464454977,56.018957345971565,13.459715639810426,9.289099526066352,5.971563981042654,2.938388625592417,0.0,12.322274881516588
3GWbBTGTgnQ,210,130,32,2.2194951723499186,2.3461538461538463,4.941038461538462,29.230769230769234,55.38461538461539,11.23076923076923,9.384615384615385,6.76923076923077,1.846153846153846,0.0,15.384615384615385
xrl2HKCeH4c,171,118,25,1.2719128463197478,2.6203389830508477,4.888925016949153,28.8135593220339,49.66101694915254,11.016949152542372,10.338983050847457,5.932203389830509,2.7118644067796613,0.0,20.33898305084746
T8g4xsATpMA,769,314,111,2.546191878720337,2.6197452229299367,5.975727136053251,35.6687898089172,46.62420382165605,14.522292993630574,9.872611464968154,7.070063694267516,3.0573248407643314,0.0,18.85350318471338
EeeI-AQKYl0,169,85,31,1.7543986834760297,2.581176470588235,5.84334117647059,35.294117647058826,52.47058823529412,10.35294117647059,8.470588235294118,4.705882352941177,3.294117647058823,0.0,20.70588235294118
kY8Ne1f_EJk,286,163,36,1.8406925445545823,2.4220858895705524,5.140731561008861,30.061349693251532,51.65644171779141,13.865030674846626,8.957055214723926,7.2392638036809815,2.699386503067485,0.0,15.58282208588957
12QHp2D8kCc,144,93,16,1.755555463545312,2.3741935483870966,5.539948387096774,32.25806451612903,57.41935483870968,10.96774193548387,6.666666666666667,4.946236559139785,1.7204301075268817,0.0,18.27956989247312
iyZlShLUb3Q,437,207,72,2.422951402671533,2.3990338164251206,4.877856038647343,28.985507246376812,51.01449275362319,13.526570048309178,11.884057971014492,6.570048309178745,2.1256038647342996,0.19323671497584544,14.68599033816425
98TRbcIb4kU,319,178,62,1.8448767644262412,2.804494382022472,6.376042696629214,38.764044943820224,46.29213483146068,11.685393258426966,7.752808988764046,7.865168539325842,2.359550561797753,0.0,24.044943820224717
KTsBSRn2GcQ,505,233,108,2.774804321254774,2.4420600858369097,4.365788586870132,26.180257510729614,47.811158798283266,13.991416309012877,13.047210300429185,9.09871244635193,3.4334763948497855,0.0,12.618025751072961
PAaYVm8_rdA,224,148,26,2.06809751661963,2.532432432432432,5.548404158004159,32.432432432432435,47.16216216216216,17.56756756756757,8.513513513513512,6.216216216216216,2.7027027027027026,0.0,17.837837837837835
iEUuJNK2RsE,232,120,36,2.233859566822719,2.4466666666666668,5.1882277777777785,30.833333333333336,57.00000000000001,9.5,6.833333333333333,5.166666666666667,1.5000000000000002,0.0,20.0
CVx7ErCYaHQ,320,162,54,2.1695108051270173,2.6246913580246916,5.167382716049383,30.864197530864196,45.80246913580247,15.679012345679011,9.62962962962963,6.666666666666667,3.580246913580247,0.0,18.641975308641975
fqJwbRus80s,148,104,23,2.0239493053239457,2.7519230769230765,5.784934448160535,34.61538461538461,45.769230769230774,13.653846153846153,8.269230769230768,6.730769230769231,3.076923076923077,0.0,22.499999999999996
UqOfZ2j8p5A,279,127,59,2.2470906456826545,2.1196850393700783,3.591478286400641,21.25984251968504,60.629921259842526,13.070866141732285,7.4015748031496065,4.409448818897638,1.574803149606299,0.0,12.913385826771654
t_Q-sfmcpjA,555,304,95,2.1072719301800396,2.8039473684210523,6.3668407894736845,38.48684210526316,42.10526315789473,14.802631578947366,9.93421052631579,8.355263157894736,3.3552631578947367,0.0,21.44736842105263
aUlxloSgdJs,180,120,23,2.029334040786513,2.3983333333333334,5.5199239130434785,32.5,53.333333333333336,12.333333333333334,8.5,7.333333333333333,4.0,0.0,14.499999999999998
6Sw4YjI5MSI,600,286,83,2.476034893626199,2.6223776223776225,5.713903867217121,33.91608391608392,44.61538461538461,16.083916083916083,10.34965034965035,7.6923076923076925,3.916083916083916,0.0,17.342657342657343
f8MVqMscy3o,203,126,46,1.989408501218863,2.6015873015873017,4.730315527950311,28.57142857142857,50.79365079365079,9.365079365079366,8.73015873015873,9.523809523809524,3.1746031746031744,0.15873015873015872,18.253968253968253
L6AC-2qoqzs,184,119,31,2.0403302635757385,2.4722689075630253,4.275072268907563,25.210084033613445,52.77310924369748,10.92436974789916,9.747899159663866,6.218487394957983,3.5294117647058822,0.16806722689075632,16.638655462184875
tF67L-3p8E0,197,110,27,1.891081807048762,2.54,6.534350841750843,39.09090909090909,47.27272727272727,16.0,9.636363636363637,6.909090909090909,2.909090909090909,0.0,17.272727272727273
QVJo4wgjZOM,327,173,47,2.578110024918535,2.3641618497109826,5.3650315582339205,31.79190751445087,52.138728323699425,13.641618497109828,10.751445086705203,6.589595375722544,2.8901734104046244,0.0,13.98843930635838
vjzw8tKvtjo,931,384,122,2.1263768978862756,2.98125,6.710952834699455,40.10416666666667,38.75,12.5,11.822916666666666,9.0625,4.53125,0.0,23.333333333333332
Cd4Ok3f4hqo,719,341,102,2.3378920208835536,2.61524926686217,5.998839583692716,35.77712609970675,45.219941348973606,15.36656891495601,10.557184750733137,7.9178885630498534,3.401759530791789,0.0,17.5366568914956
G73P83gw6uI,840,357,121,2.364544602560434,2.683473389355742,6.624946825010997,39.77591036414566,43.24929971988796,15.742296918767506,10.700280112044819,8.067226890756302,4.201680672268908,0.0,18.039215686274513
-99eJvihT34,720,350,100,2.307724149350112,2.7085714285714286,6.221977142857144,37.142857142857146,44.51428571428572,12.8,12.171428571428573,7.6,3.6571428571428575,0.05714285714285715,19.2
A_f19FMHEjw,127,99,6,1.9365770999757932,2.8585858585858586,8.546129292929294,47.474747474747474,32.72727272727273,19.595959595959595,14.34343434343434,12.525252525252526,4.040404040404041,0.0,16.76767676767677
90nsRq9qkaQ,244,129,57,1.685427967724796,2.353488372093023,4.374028233374134,26.356589147286826,56.58914728682171,9.767441860465116,7.596899224806202,8.372093023255815,3.10077519379845,0.0,14.573643410852712
n1AYIBGAgU4,3407,981,456,2.070941667246635,3.2265035677879714,7.90343000160953,47.706422018348626,29.806320081549437,15.43323139653415,13.65953109072375,10.234454638124364,5.137614678899082,0.020387359836901122,25.708460754332314
Rhoe_tqLsP8,1193,528,149,2.1879197956648824,2.9863636363636363,6.946394249542404,41.47727272727273,38.63636363636363,14.84848484848485,10.340909090909092,6.969696969696969,3.8257575757575752,0.03787878787878788,25.340909090909093
a99Kwug-m28,585,264,91,2.137367886016856,2.5984848484848486,5.701811688311688,34.090909090909086,49.015151515151516,13.712121212121215,9.393939393939394,4.924242424242424,2.196969696969697,0.0,20.757575757575754
fF5nEVH86fg,2066,699,405,2.123885916224758,2.9928469241773965,6.984666442007101,42.63233190271817,35.851216022889844,15.050071530758228,12.646638054363377,9.55650929899857,4.206008583690987,0.028612303290414882,22.660944206008583
xO7E9c8mDig,116,93,14,1.7578125000000002,3.3698924731182798,7.711724116743472,46.236559139784944,39.13978494623655,6.666666666666667,9.67741935483871,4.731182795698925,2.1505376344086025,0.0,37.634408602150536
6OT4GW2A-AQ,540,283,106,2.0500356140177725,2.865724381625442,6.724905393692913,40.98939929328622,41.130742049469966,13.992932862190813,10.176678445229683,8.904593639575971,3.4628975265017674,0.0706713780918728,22.261484098939928
uNZd89dNg8A,430,208,76,2.1535232702055427,2.1701923076923078,4.152218117408907,24.519230769230766,57.11538461538461,13.942307692307693,9.615384615384617,5.288461538461538,2.2115384615384612,0.0,11.826923076923078
PuJd_TkvqI8,262,151,56,2.045795795795796,2.7311258278145694,5.774242573320721,35.099337748344375,46.75496688741722,10.596026490066226,9.668874172185431,8.874172185430464,3.9735099337748347,0.0,20.132450331125824
QoPCh48FeXY,464,206,68,2.3255415409925972,2.4640776699029123,5.627330553969161,33.49514563106796,50.0,14.563106796116504,9.223300970873787,7.3786407766990285,2.912621359223301,0.0,15.922330097087379
h5M6oWE6WF8,357,195,75,2.3261541263366596,2.4461538461538463,5.1755318974358975,31.28205128205128,52.102564102564095,13.538461538461538,9.025641025641026,5.230769230769231,3.1794871794871797,0.0,16.923076923076923
2xtwvQdCanQ,1575,549,329,1.8281891567379247,2.9020036429872498,6.219814750222843,37.88706739526412,39.052823315118395,14.6448087431694,11.293260473588344,9.07103825136612,3.934426229508197,0.03642987249544627,21.9672131147541
N7mqgp6ZK8g,336,185,79,1.8107643740791155,2.538378378378378,5.161335340403696,31.351351351351354,49.18918918918919,12.648648648648647,10.27027027027027,8.432432432432432,1.9459459459459458,0.0,17.513513513513512
5eAMXqWFQrY,291,162,55,1.904492425561553,2.644444444444445,5.915638967452301,35.80246913580247,46.543209876543216,12.345679012345679,10.617283950617283,9.25925925925926,3.0864197530864197,0.0,18.148148148148145
nIsxfERvpZs,326,191,62,1.5629309552266248,2.6900523560209426,5.386349738219896,32.460732984293195,49.109947643979055,10.157068062827225,9.214659685863875,6.9109947643979055,3.3507853403141366,0.0,21.256544502617803
aXlglIzpMBs,252,146,47,2.0736680296540095,2.5753424657534247,5.565323987175751,33.56164383561644,47.80821917808219,13.424657534246576,10.95890410958904,6.712328767123288,3.4246575342465753,0.0,17.671232876712327
eK7aIXCqpjQ,113,70,11,1.8899377283252519,2.6,6.148812987012988,35.714285714285715,52.0,10.571428571428571,7.714285714285715,6.000000000000001,2.571428571428571,0.0,21.142857142857142
5By8RtuJW5o,284,163,27,1.9170295113691338,3.469938650306749,8.465154101340604,50.306748466257666,35.95092024539878,9.447852760736195,6.748466257668712,6.134969325153374,2.9447852760736195,0.0,38.77300613496933
A5l0p1eH_e8,515,219,55,2.215455003414044,2.5269406392694065,6.665075633042756,39.26940639269406,49.77168949771689,13.15068493150685,9.954337899543379,6.666666666666667,2.6484018264840183,0.0,17.80821917808219
mhKJKrMzlVs,1450,506,205,2.1622118747296644,2.868774703557312,7.247252193193869,43.67588932806324,39.01185770750988,15.256916996047432,11.73913043478261,9.209486166007906,3.399209486166008,0.0,21.383399209486168
wv1_z9vpklE,371,190,51,2.476309563213318,2.5631578947368423,6.011973581011352,35.78947368421053,47.26315789473684,14.526315789473685,10.105263157894736,8.210526315789474,2.526315789473684,0.0,17.36842105263158
T6bGVO0wVhQ,469,239,89,2.3057728906745623,2.487029288702929,4.621793690940718,27.615062761506277,47.78242677824268,14.476987447698745,12.803347280334728,6.359832635983263,3.3472803347280333,0.0,15.230125523012553
ydfRNZNzgFA,393,207,74,1.6590032384553204,2.668599033816425,5.908150515733124,35.748792270531396,47.053140096618364,12.270531400966183,10.917874396135266,6.3768115942028984,3.2850241545893724,0.0,20.096618357487923
qflqUpxTZP4,1681,639,220,2.321595388339379,3.181220657276995,7.545029779484992,45.38341158059468,30.015649452269173,16.21283255086072,13.395931142410014,11.017214397496089,4.726134585289515,0.09389671361502347,24.53834115805947
KPgmeNstLa8,1671,684,316,2.1503062242232285,3.3964912280701753,7.372400503368126,45.02923976608187,29.239766081871345,13.596491228070176,10.90643274853801,10.847953216374268,5.350877192982456,0.0,30.05847953216374
Nzx96dGtmws,7187,1663,783,2.1473277801896873,3.588695129284426,9.627330992244241,58.08779314491882,20.9380637402285,14.636199639206254,14.443776307877329,13.806374022850271,6.951292844257366,0.07215874924834637,29.152134696331935
ybCiD5Ju-xA,5347,1331,562,2.105283330167447,3.6091660405709995,9.618480054329954,57.926371149511645,21.562734785875282,14.545454545454545,13.854244928625095,12.75732531930879,6.010518407212622,0.07513148009015778,31.19459053343351
Gc3IAEwxVN4,1056,537,113,1.9495040482649562,3.3344506517690875,8.079179664145284,48.23091247672253,29.757914338919928,14.040968342644323,12.029795158286777,10.726256983240223,4.059590316573557,0.0,29.385474860335197
sdiJVkshMIg,5854,1500,683,2.132008530813038,3.626133333333333,9.66753544167887,58.53333333333334,20.933333333333334,14.04,14.906666666666665,12.826666666666666,6.1866666666666665,0.09333333333333334,31.013333333333332
MH6fSbJP9RQ,6105,1614,711,2.1206052509323157,3.7394052044609665,10.101423133029035,61.276332094175956,19.91325898389095,13.71747211895911,13.382899628252787,12.837670384138786,5.799256505576208,0.12391573729863693,34.22552664188352
JIxP2fG8EsY,1008,473,73,2.0276691197595547,3.150528541226216,8.296135028526747,48.20295983086681,32.38900634249472,15.137420718816067,12.26215644820296,10.105708245243129,5.454545454545455,0.0,24.651162790697672
Mzm1FJFXELE,6373,1588,834,2.115911588727042,3.602015113350126,9.427443438498573,57.304785894206546,21.523929471032748,14.546599496221663,14.596977329974811,12.16624685138539,5.869017632241814,0.05037783375314861,31.24685138539043
SjR1E7rNujQ,7256,1684,1014,2.144620789408084,3.649049881235155,9.572012922645904,58.3729216152019,20.593824228028502,14.631828978622327,14.002375296912115,12.719714964370546,6.1520190023752965,0.047505938242280284,31.85273159144893
XmD9tUWbAV8,13424,2026,2232,1.8373078051163574,3.8,9.603967577053858,58.93385982230998,18.114511352418557,13.711747285291215,14.422507403751233,12.211253701875616,6.890424481737413,0.05923000987166831,34.59032576505429
RnVXqajXok8,5816,1387,651,2.112771275758589,3.551117519826964,9.300095691283003,56.092285508291276,22.566690699351117,14.650324441240087,14.131218457101657,12.41528478731074,6.22927180966114,0.043258832011535686,29.963950973323723
ukwPX7kJMSo,954,521,74,1.9800884955752203,3.408061420345489,8.88296950770348,52.207293666026864,27.67754318618042,14.126679462571975,11.938579654510557,11.554702495201536,5.3742802303262955,0.038387715930902115,29.28982725527831
vZ_2kRO-RPg,1003,504,80,2.1460364951358972,3.3730158730158735,8.360213174603174,49.007936507936506,27.8968253968254,14.722222222222223,11.785714285714285,11.746031746031745,5.476190476190476,0.07936507936507936,28.293650793650794
ZX7HnNd5PB4,790,404,56,2.1981625570584065,3.1742574257425744,8.751050919377652,50.99009900990099,32.27722772277228,14.00990099009901,12.425742574257427,11.584158415841584,4.702970297029703,0.0,25.0
vKcnQQa2p1s,5332,1439,614,2.160745421809718,3.568728283530229,9.39558587872052,56.775538568450315,22.37665045170257,14.37109103544128,14.07922168172342,12.619874913134122,6.282140375260598,0.04169562195969423,30.229325920778315
ghDvyItIHTY,725,415,56,2.1306308332719146,3.2906024096385544,8.594215146299485,50.36144578313253,30.50602409638554,13.590361445783133,11.27710843373494,12.240963855421686,5.734939759036145,0.0963855421686747,26.554216867469883
2n-yJwuVE4k,1476,558,202,2.1087642465947196,3.1892473118279567,7.861258887824266,47.491039426523294,32.795698924731184,13.512544802867385,11.684587813620071,11.397849462365592,5.197132616487455,0.0,25.41218637992832
Oo-jpio9lok,909,482,94,2.137957176139935,3.0182572614107883,7.1953064536064275,42.531120331950206,34.77178423236514,15.975103734439832,12.074688796680498,9.83402489626556,4.522821576763485,0.08298755186721993,22.738589211618258
DXo2m_XlH4s,1010,478,125,1.9187019146057367,3.2087866108786613,8.130600635983264,48.95397489539749,31.422594142259413,14.686192468619247,12.677824267782428,10.125523012552302,4.97907949790795,0.0,26.10878661087866
emlRd643NVI,6740,1475,949,2.067832636821003,3.6607457627118642,9.130439249165045,55.59322033898305,21.54576271186441,13.735593220338982,13.206779661016949,12.677966101694915,6.277966101694915,0.013559322033898305,32.54237288135593
z9fk9d6pry4,873,421,59,1.8771392781244243,3.2218527315914485,8.310111389347398,47.980997624703086,31.401425178147264,14.821852731591449,11.401425178147269,11.63895486935867,4.038004750593824,0.0,26.698337292161522
5y0A83_J57w,1262,614,139,1.8426961309931733,3.3661237785016285,8.396758404611816,50.3257328990228,28.566775244299674,13.094462540716615,13.061889250814332,11.758957654723128,5.472312703583062,0.03257328990228013,28.013029315960914
qQD98_HFT68,1533,676,135,2.036549470510919,3.428402366863905,9.135617212360291,54.28994082840237,26.656804733727807,15.147928994082841,11.982248520710058,11.065088757396449,5.207100591715977,0.08875739644970414,29.852071005917164
EdR2cujwke4,1925,696,272,2.2372215629727856,3.2485632183908044,7.860354124408385,47.55747126436782,29.454022988505745,15.229885057471265,12.643678160919542,11.781609195402298,5.459770114942529,0.08620689655172414,25.344827586206897
Bw_Lp_QKGFc,982,513,73,2.1912632015263567,3.439766081871345,8.91618877940666,52.241715399610136,28.576998050682263,13.723196881091617,10.64327485380117,10.370370370370372,5.57504873294347,0.038986354775828465,31.072124756335285
poVxiPTJrW0,1095,508,111,2.127341080829069,3.2496062992125987,8.291049265801234,49.40944881889764,29.055118110236215,16.141732283464567,12.204724409448819,12.047244094488189,4.488188976377953,0.03937007874015749,26.023622047244093
2X-ZayiWAKo,2005,662,453,2.0788879126396345,3.006344410876133,6.635710256564162,40.6344410876133,35.01510574018127,15.64954682779456,12.598187311178249,9.697885196374623,4.501510574018127,0.0,22.53776435045317
7kSQTJJN0Uo,1066,458,154,2.0590904780612043,3.268122270742358,7.8935752396075545,47.81659388646288,32.79475982532751,13.275109170305676,11.31004366812227,8.951965065502183,4.279475982532752,0.0,29.388646288209607
g2BEr6BCg_E,1117,547,99,2.022685687997975,3.474223034734918,9.190725174967223,54.6617915904936,26.288848263254117,14.040219378427787,12.541133455210238,11.078610603290677,5.1919561243144425,0.07312614259597806,30.786106032906762
NulGJTvdXpA,5543,1446,670,2.2451171093768263,3.6385892116182577,9.626640685369834,58.36791147994468,21.452282157676347,14.301521438450902,13.623789764868603,12.199170124481329,6.40387275242047,0.08298755186721991,31.936376210235135
-tPwmK5CZUg,8821,1858,1282,2.0424595882008,3.7681377825618947,9.66400923980124,59.04198062432723,18.805166846071042,13.562970936490851,13.972012917115178,13.196986006458559,6.5984930032292795,0.07534983853606027,33.78902045209903
cW1KJf7JKgI,1114,491,95,2.2839384274136436,3.207739307535642,7.913845222424697,46.435845213849284,31.771894093686353,14.13441955193483,12.708757637474541,10.10183299389002,5.4989816700611,0.04073319755600815,25.743380855397152
CAmZXCZ-e94,1471,566,126,2.193462819151098,3.0632508833922265,8.083494946435582,47.52650176678445,31.908127208480565,16.289752650176677,13.462897526501768,11.696113074204947,5.19434628975265,0.1413427561837456,21.307420494699645
TP4VQTUbypM,812,397,71,2.4342080389938605,2.863476070528967,7.487810494199454,43.8287153652393,36.775818639798494,16.221662468513856,12.39294710327456,11.335012594458437,5.037783375314862,0.0,18.2367758186398
RY63Nw0w33w,955,426,84,2.305962646879548,3.14225352112676,7.421064386317909,43.42723004694836,31.455399061032864,15.68075117370892,12.582159624413144,11.830985915492958,4.366197183098592,0.04694835680751174,24.03755868544601
fYAUINqHAY4,856,363,73,2.3021822693897693,3.022589531680441,7.6283878184082425,44.62809917355372,36.08815426997245,15.592286501377412,10.413223140495868,9.641873278236915,4.40771349862259,0.05509641873278238,23.801652892561986
syiQmaGZFXM,1528,611,144,2.2418626708013893,3.1643207855973814,7.658946135661029,45.171849427168574,30.11456628477905,15.97381342062193,13.387888707037643,11.98036006546645,4.975450081833061,0.09819967266775777,23.46972176759411
1jmcloqc4yg,1136,484,94,2.314203515540552,3.121487603305785,7.711446069984175,45.04132231404959,33.429752066115704,15.371900826446282,11.487603305785123,10.206611570247933,4.338842975206612,0.12396694214876032,25.041322314049587
6pf2KJD5qf0,1438,570,121,2.411447144468589,3.249473684210526,8.29054887632304,48.771929824561404,29.05263157894737,14.982456140350878,13.578947368421055,11.789473684210527,5.543859649122807,0.03508771929824562,25.017543859649123
V7J9aMy_CFk,4418,1217,356,2.4509564162618696,3.4981101068200493,9.048984465391966,53.410024650780606,22.48151191454396,15.579293344289235,14.36318816762531,12.966310599835662,6.4420706655710775,0.09860312243221035,28.069022185702547
di1afyrEKoc,1196,533,119,2.384886940485584,3.1204502814258914,8.052816037334258,47.84240150093809,34.22138836772983,14.74671669793621,11.44465290806754,9.868667917448406,3.7898686679174483,0.0,25.92870544090056
qVMdq9pDiuQ,906,417,70,2.3640551778555436,3.1083932853717027,8.290838615964372,48.44124700239808,35.011990407673856,13.141486810551559,12.517985611510793,9.59232613908873,4.796163069544365,0.09592326139088729,24.844124700239806
Sye31IVjiss,954,422,108,2.623241888316392,2.8919431279620853,6.686782622432859,39.57345971563981,35.355450236966824,15.497630331753557,14.597156398104266,12.227488151658768,3.7914691943127963,0.0,18.53080568720379
9zkFfBVgVtI,868,400,65,2.480159620989943,2.9659999999999997,7.294150769230769,42.0,33.5,17.3,13.5,11.0,4.2,0.0,20.5
dhAmMXCBIcg,959,410,93,2.329314047682521,3.0258536585365854,7.4821739837398376,44.146341463414636,33.46341463414634,16.390243902439025,13.365853658536583,9.951219512195122,4.536585365853659,0.09756097560975611,22.195121951219512
vLm68qbNjkU,844,405,70,2.2356250431421256,2.9871604938271608,7.3428984832451505,42.71604938271605,34.5679012345679,15.802469135802468,12.987654320987655,10.765432098765434,4.7407407407407405,0.0,21.1358024691358
MXtbeSbf_xM,960,410,81,2.4717338001284186,2.8887804878048784,7.288973803071364,42.4390243902439,36.97560975609756,16.682926829268293,11.609756097560977,10.24390243902439,4.1951219512195115,0.04878048780487806,20.243902439024392
tn2AgrwXpNQ,1349,547,111,2.3819011995591954,3.1510054844606947,8.194697676103893,48.08043875685558,31.517367458866545,15.063985374771482,12.943327239488116,11.590493601462523,5.045703839122487,0.07312614259597806,23.76599634369287
1l0aosZHSDA,1282,486,111,2.2767417874882963,3.0275720164609052,7.493166299632966,43.82716049382716,33.70370370370371,16.83127572016461,12.592592592592593,9.876543209876543,3.868312757201646,0.08230452674897121,23.045267489711936
lvV3jSLYK8A,857,419,76,2.33823015040224,3.0973747016706445,7.417968747644769,43.43675417661098,34.272076372315034,15.560859188544155,11.408114558472553,9.164677804295943,4.105011933174224,0.0,25.489260143198088
wUBy2W1iKpo,556,282,48,2.3212927021136673,2.8304964539007096,6.789746099290781,39.361702127659576,38.794326241134755,16.099290780141843,10.851063829787234,10.851063829787234,4.326241134751773,0.0,19.078014184397162
9EOAEWC9hJ4,814,385,62,2.3519332283116396,2.7631168831168833,7.254290909090909,41.81818181818181,39.324675324675326,15.896103896103897,12.831168831168831,10.493506493506494,4.0,0.0,17.454545454545457
mx3krJHlUzc,1537,592,175,2.256195976521863,3.2351351351351356,8.38397430888031,50.33783783783784,30.270270270270267,15.033783783783782,12.939189189189188,10.912162162162161,4.358108108108108,0.06756756756756757,26.41891891891892
pJlA2J92Fw4,1337,503,105,2.271010899448792,2.9069582504970177,7.412169754804506,42.94234592445328,35.46719681908549,15.904572564612327,13.956262425447315,11.29224652087475,3.89662027833002,0.039761431411530816,19.443339960238568
Lt-fah4spJY,210,138,20,2.2896262319184615,2.488405797101449,5.212031884057971,29.71014492753623,47.10144927536232,16.81159420289855,10.144927536231885,7.82608695652174,2.318840579710145,0.0,15.797101449275363
e6_t26Q9aVM,2234,646,223,2.2764663505838607,3.2247678018575847,8.000806094767386,47.523219814241486,29.597523219814242,16.068111455108358,12.60061919504644,11.176470588235295,5.108359133126935,0.030959752321981428,25.417956656346746
I49VNQ6lmKk,536,300,53,2.1155289172933385,2.872,7.817648427672956,46.33333333333333,38.86666666666667,14.733333333333334,11.200000000000001,11.0,3.933333333333334,0.0,20.266666666666666
Gvvo6vUpJRc,1333,567,123,2.3780244164529796,3.0444444444444443,7.388222790037425,43.386243386243386,32.06349206349206,16.331569664902997,14.17989417989418,11.075837742504408,5.220458553791888,0.07054673721340389,21.05820105820106
4oco9pLw13E,868,396,70,2.2571174793905535,2.962121212121212,7.234080404040403,41.91919191919192,35.90909090909091,14.292929292929294,13.737373737373737,10.656565656565657,4.545454545454546,0.10101010101010101,20.757575757575758
zrbACeJ63II,1221,472,118,2.1646022316372076,3.097457627118644,8.140606779661018,48.30508474576271,31.694915254237287,15.33898305084746,15.38135593220339,9.745762711864407,4.788135593220339,0.1271186440677966,22.923728813559322
UdfSrJvqY_E,1050,459,94,2.3344439239414836,2.941176470588235,6.8838029017753675,40.08714596949891,34.20479302832244,17.167755991285404,12.592592592592592,11.721132897603486,4.967320261437909,0.08714596949891068,19.25925925925926
Qfmeb2e_kb4,1153,442,98,2.3778279215410163,2.905882352941177,7.33539176285899,42.76018099547511,36.56108597285068,15.882352941176473,12.850678733031673,10.226244343891404,4.072398190045249,0.09049773755656108,20.316742081447963
6uS5F1MSzaQ,1007,495,85,2.254574652410939,2.9062626262626265,7.477795935828877,43.63636363636363,34.74747474747475,16.686868686868685,13.818181818181818,11.757575757575758,3.9191919191919187,0.0,19.070707070707073
kbeEkwlTeqQ,1499,526,125,2.2891950780335804,3.0338403041825095,7.048890652471483,40.874524714828894,33.30798479087452,16.806083650190114,12.205323193916351,10.570342205323193,5.095057034220533,0.07604562737642587,21.93916349809886
il9SZU_nsVc,938,374,106,2.3289059307344178,2.8802139037433157,6.687362405408134,39.57219251336899,38.55614973262031,15.775401069518717,11.336898395721924,9.197860962566844,3.689839572192514,0.0,21.44385026737968
MepGo2xmVJw,1585,599,114,2.385125198928302,3.2046744574290487,8.017861113551826,46.410684474123535,30.15025041736227,14.958263772954924,13.589315525876462,11.385642737896495,5.409015025041736,0.0667779632721202,24.440734557595995
b7RhbRujjUA,984,397,89,2.374690416126731,2.8397984886649876,6.991661076047889,40.80604534005038,39.09319899244332,15.717884130982368,11.032745591939545,10.075566750629724,4.433249370277078,0.10075566750629722,19.54659949622166
b6g6rDDt9x8,1114,423,115,2.340913927508115,3.032151300236406,7.535579426456985,44.680851063829785,35.46099290780142,14.799054373522457,11.11111111111111,11.15839243498818,4.633569739952719,0.09456264775413713,22.742316784869978
qrzCLgDplTw,954,381,85,2.4588310899886454,2.8325459317585304,7.02188390921723,40.94488188976378,36.74540682414698,17.322834645669293,12.965879265091862,10.656167979002625,3.5170603674540684,0.0,18.79265091863517
imx_-6tHjhw,806,333,67,2.511319889095007,2.8756756756756756,6.998031948366277,40.54054054054054,38.4984984984985,15.195195195195197,11.651651651651651,9.84984984984985,4.504504504504505,0.060060060060060066,20.240240240240244
eWI_BtcDJu0,935,394,86,2.418583181470669,2.9583756345177665,7.672809113445875,45.17766497461929,36.142131979695435,15.532994923857867,11.827411167512691,10.761421319796954,4.314720812182741,0.0,21.421319796954315
QtMzV73NAgk,1006,438,96,2.287192977651386,3.1246575342465754,7.621661643835616,44.97716894977169,33.65296803652968,14.383561643835616,12.465753424657535,9.497716894977168,5.342465753424657,0.0,24.65753424657534
X1b3C2081-Q,1690,612,137,2.32909920316922,3.1830065359477127,8.068242903487429,47.22222222222222,31.503267973856207,15.88235294117647,11.666666666666668,10.326797385620916,5.0,0.09803921568627451,25.522875816993462
NBLO6RpofIU,1183,504,112,2.3666449986585985,3.098412698412699,7.635665873015873,45.03968253968254,31.82539682539683,16.349206349206348,12.976190476190478,10.833333333333334,5.0396825396825395,0.0,22.976190476190474
j5zvFXmSGKY,712,375,58,2.4416899466564006,3.136,7.68280275862069,44.800000000000004,33.12,14.399999999999999,12.053333333333335,11.253333333333334,4.533333333333333,0.0,24.64
nDy32xoXM4o,788,373,71,2.354220931509036,2.9560321715817692,6.942688532265982,40.48257372654155,36.35388739946381,15.281501340482572,12.117962466487937,10.509383378016086,4.128686327077748,0.05361930294906167,21.55495978552279
Sx6dAx7dnXg,1072,408,86,2.461142736048288,2.9647058823529413,6.8491276105791155,39.46078431372549,36.51960784313725,14.607843137254903,11.813725490196079,10.980392156862745,5.098039215686274,0.049019607843137254,20.93137254901961
wjXIw6OjBo8,809,374,67,2.337806972837268,3.0336898395721925,7.56507796312555,44.11764705882353,35.56149732620321,15.080213903743314,11.390374331550802,10.213903743315509,3.9037433155080214,0.053475935828877004,23.796791443850267
stsJe7pJaKU,808,357,61,2.42549711678965,2.821848739495798,6.229937897782065,35.294117647058826,40.0,15.350140056022408,11.428571428571429,8.907563025210084,4.313725490196078,0.05602240896358544,19.943977591036415
k1v7_zScivQ,1694,595,150,2.3791747095458393,3.1515966386554624,8.149964459383753,48.0672268907563,31.495798319327733,15.361344537815128,12.403361344537815,12.100840336134453,4.504201680672269,0.03361344537815126,24.100840336134453
j7QwJ-M_GAI,1154,505,79,2.389884540464451,3.1409900990099007,8.103625817771652,46.73267326732674,33.5049504950495,14.415841584158414,11.564356435643564,10.257425742574258,5.504950495049505,0.07920792079207921,24.673267326732674
XDamqi_3Aro,911,378,75,2.3547013783070674,2.841269841269841,6.450622814814816,37.03703703703704,38.941798941798936,15.132275132275133,12.275132275132275,9.682539682539684,4.444444444444445,0.052910052910052914,19.470899470899468
azrdcp4yYas,1001,444,84,2.2117340108578625,2.976576576576577,7.454737837837838,43.468468468468465,35.585585585585584,15.945945945945944,12.162162162162163,9.72972972972973,4.684684684684685,0.0,21.891891891891895
cH66LWWluVE,916,339,80,2.5860057785833486,2.759882005899705,6.529925899705015,37.75811209439528,40.94395280235988,16.224188790560472,11.799410029498524,7.905604719764011,3.185840707964602,0.0,19.941002949852503
kFz9afj8lu0,1247,482,139,2.0109372238585133,3.090041493775934,7.1278772261858565,42.32365145228216,34.89626556016597,14.564315352697097,11.12033195020747,9.83402489626556,5.228215767634855,0.041493775933609964,24.315352697095435
BAZX9p2oGOg,1365,527,110,2.243926045926698,3.176091081593928,7.62661045368294,44.4022770398482,31.081593927893742,15.977229601518028,12.296015180265654,10.62618595825427,4.933586337760911,0.03795066413662239,25.047438330170777
UFDoLyAE1Bc,682,319,64,2.395239638542515,3.040752351097179,7.408832131661442,43.573667711598745,34.858934169278996,15.10971786833856,12.100313479623825,10.344827586206897,4.200626959247649,0.0,23.385579937304072
Mm0NvlXdz4A,770,368,81,2.5040933278755633,2.860869565217391,6.693109433709071,39.40217391304348,36.25,17.880434782608695,12.5,9.673913043478262,4.293478260869565,0.05434782608695652,19.347826086956523
eAagtcAup0o,1854,554,165,2.516248645857571,2.9552346570397114,7.910789340334756,46.57039711191336,35.30685920577617,15.559566787003613,13.429602888086645,10.613718411552346,4.187725631768953,0.07220216606498196,20.830324909747294
G4E2bbAgjXg,953,417,80,2.302724786919901,3.0258992805755396,7.368821630695444,42.92565947242206,35.63549160671462,14.436450839328538,12.23021582733813,10.11990407673861,4.556354916067146,0.0,23.021582733812952
0fB2cQFp008,1324,509,111,2.351098070961035,3.0860510805500985,7.6335309226711985,44.59724950884086,33.988212180746565,15.520628683693516,11.827111984282908,9.390962671905696,5.1080550098231825,0.07858546168958744,24.086444007858546
qDSaOwBHwbs,850,389,96,2.4243653161013077,3.1568123393316196,7.461454584404457,44.473007712082264,33.83033419023136,14.241645244215938,11.002570694087403,9.82005141388175,5.5526992287917745,0.15424164524421594,25.398457583547557
sy8K2VmWkDo,940,414,80,2.437193310774787,3.141545893719807,7.753138164251208,45.410628019323674,32.56038647342995,15.555555555555555,11.304347826086957,10.917874396135266,5.072463768115942,0.0,24.58937198067633
DJyxwIGdl8Y,732,374,65,2.325852974950855,2.9176470588235293,7.10255626491156,41.44385026737968,35.50802139037433,16.09625668449198,13.101604278074866,11.497326203208557,4.010695187165775,0.0,19.786096256684495
Exk34o-MMIE,1111,440,90,2.211071578622676,3.1586363636363637,7.96898898989899,46.590909090909086,33.090909090909086,14.68181818181818,11.363636363636363,10.409090909090908,5.045454545454545,0.045454545454545456,25.36363636363636
9Hk_rvjtxKc,1095,448,92,2.4532049924922545,3.0410714285714286,7.8861737189441,46.205357142857146,34.82142857142857,15.401785714285715,11.919642857142856,9.955357142857144,4.508928571428571,0.044642857142857144,23.348214285714285
R94ntpWVelw,1176,541,98,2.2878767267285847,3.1364140480591503,7.921059519408503,46.39556377079482,31.97781885397412,15.194085027726434,12.495378927911274,11.645101663585953,4.9168207024029575,0.036968576709796676,23.733826247689464
5NNO5Kb-PZo,1020,470,100,2.3284061161221294,3.0093617021276597,7.258664680851065,42.765957446808514,34.34042553191489,15.234042553191488,13.446808510638297,11.02127659574468,4.042553191489362,0.04255319148936171,21.872340425531913
bInJjmH31Hk,676,323,66,2.520797962180307,2.801857585139319,6.863132601557369,40.24767801857585,40.68111455108359,14.73684210526316,12.012383900928791,8.48297213622291,4.458204334365325,0.0,19.628482972136222
6kAvCSMkYEI,878,382,66,2.3506830192441903,3.0146596858638746,8.141479517689989,47.38219895287958,36.02094240837696,14.24083769633508,12.25130890052356,9.528795811518325,5.654450261780105,0.052356020942408384,22.25130890052356
mRvBCXMSrBE,900,387,58,2.240078933053941,3.0645994832041343,7.461024681457721,42.377260981912144,34.00516795865633,15.297157622739018,12.454780361757106,10.025839793281653,4.909560723514212,0.0516795865633075,23.25581395348837
dlHnleQU9tQ,830,394,88,2.4214752109121114,3.076649746192893,7.641447623442549,45.431472081218274,33.45177664974619,16.294416243654823,11.928934010152284,9.898477157360407,4.314720812182741,0.0,24.111675126903553
Xzh8BdaaAvs,942,437,85,2.5107249150521858,2.9610983981693364,7.740096605195854,45.53775743707094,35.78947368421053,15.240274599542333,12.448512585812356,11.121281464530892,4.393592677345538,0.045766590389016024,20.961098398169334
j52nXdQKFD0,989,406,88,2.385729085847991,2.8733990147783253,6.3522885803851326,36.69950738916256,37.29064039408867,17.290640394088673,11.182266009852217,9.408866995073891,4.679802955665025,0.09852216748768475,20.049261083743843
IEwEDTmqCEs,1094,484,104,2.342948675370514,3.101652892561983,7.992642275905913,47.31404958677686,32.60330578512397,16.859504132231404,11.735537190082644,9.834710743801653,4.5041322314049586,0.04132231404958678,24.421487603305785
Svf1lEUUCzU,852,391,78,2.44503942163992,3.0409207161125322,7.689687428683849,45.26854219948849,34.21994884910487,15.549872122762148,12.27621483375959,10.895140664961637,3.989769820971867,0.0,23.0690537084399
nF4hg6g7SwE,937,472,84,2.2578808499907215,3.1326271186440673,7.846115173527039,46.186440677966104,33.093220338983045,15.169491525423728,12.076271186440678,9.83050847457627,4.703389830508475,0.04237288135593221,25.08474576271186
W-VInHvlrZo,1526,545,162,2.192022590893047,3.021284403669725,7.652394065013027,45.50458715596331,32.25688073394495,16.18348623853211,13.8348623853211,12.697247706422019,4.954128440366973,0.07339449541284404,20.0
5nLWTVTwOhY,1181,481,102,2.405646639390965,2.922245322245322,7.763500175288411,45.53014553014553,36.67359667359668,15.384615384615385,12.349272349272349,10.769230769230768,4.282744282744283,0.04158004158004158,20.498960498960496
bATUW8G2ONE,949,403,78,2.33536575344717,2.9856079404466502,7.812796691480563,45.6575682382134,34.93796526054591,15.235732009925556,12.158808933002481,12.009925558312656,5.310173697270471,0.0,20.34739454094293
HLufirFnBFM,66,38,9,1.8921232876712324,2.263157894736842,3.6879438596491227,21.052631578947366,50.526315789473685,18.421052631578945,7.894736842105263,10.526315789473683,2.631578947368421,0.0,10.0
-nNiTn0_41g,78,44,8,2.2147805595421604,3.0363636363636366,7.660872727272728,45.45454545454545,40.909090909090914,11.363636363636363,7.727272727272727,9.545454545454547,4.090909090909091,0.9090909090909092,25.454545454545453
I1CIvcNwnf0,51,43,8,2.04599761051374,2.73953488372093,5.45713023255814,32.55813953488372,43.25581395348838,15.348837209302324,9.767441860465116,7.906976744186046,3.255813953488372,0.0,20.46511627906977
zHL9GP_B30E,2310,992,212,2.040745363982341,3.4735887096774194,9.597418555995132,57.358870967741936,24.516129032258064,15.020161290322582,13.649193548387098,11.391129032258064,6.25,0.2217741935483871,28.951612903225804
U6VBV4QUMu0,1532,564,159,1.9298270039648469,3.0095744680851064,7.812977840224811,46.45390070921986,34.39716312056738,14.822695035460992,14.397163120567377,10.141843971631207,4.290780141843972,0.03546099290780142,21.914893617021274
egEraZP9yXQ,1552,610,155,1.9631696424164689,3.4144262295081966,8.05513180327869,47.868852459016395,28.0327868852459,13.114754098360656,12.754098360655739,11.049180327868854,5.573770491803279,0.16393442622950818,29.311475409836067
_WHRWLnVm_M,1601,548,174,1.954711204810505,3.0405109489051094,7.458147084486953,44.34306569343065,33.54014598540146,15.72992700729927,13.138686131386862,10.072992700729927,5.766423357664234,0.14598540145985403,21.605839416058394
JMpuxLIgjPs,2129,810,266,1.9343549895839152,3.1553086419753087,8.447937083449364,50.98765432098765,30.444444444444446,15.555555555555555,13.555555555555554,12.000000000000002,5.3580246913580245,0.09876543209876544,22.98765432098765
1RHsAUyFCAM,2055,718,256,2.007389028995335,3.098050139275766,8.051248172005572,48.467966573816156,31.28133704735376,15.73816155988858,13.73259052924791,12.311977715877438,5.013927576601671,0.05571030640668524,21.866295264623954
gWoPI-VoFV0,2122,845,274,1.9057335789980425,3.2217751479289944,8.774317816265713,53.13609467455621,28.497041420118347,15.810650887573964,13.727810650887573,12.662721893491124,5.585798816568047,0.2366863905325444,23.4792899408284
U3lWVLuc6CE,2001,829,202,1.8485855103326314,3.3256936067551264,8.852987246951475,52.95536791314838,26.92400482509047,15.126658624849219,13.896260554885403,12.352231604342583,5.910735826296743,0.0723763570566948,25.71773220747889
1sl5KJ69qiA,2397,784,314,1.8568805926208178,3.1130102040816325,8.313915007149356,50.255102040816325,29.413265306122447,16.3265306122449,14.97448979591837,12.755102040816327,5.892857142857143,0.2295918367346939,20.408163265306122
Xc4xYacTu-E,1947,638,191,1.9235206893693315,3.185579937304075,8.004620916148305,47.492163009404386,28.996865203761757,15.485893416927897,14.670846394984324,12.445141065830722,5.61128526645768,0.21943573667711597,22.570532915360502
J51ncHP_BrY,827,284,80,1.953964594161554,2.9098591549295776,6.962176619718311,40.845070422535215,37.394366197183096,14.366197183098592,14.084507042253522,8.873239436619718,4.577464788732395,0.07042253521126761,20.633802816901408
mxhxL1LzKww,1962,762,185,1.879696252305793,3.41259842519685,8.524637031992622,50.65616797900262,26.876640419947506,14.488188976377952,13.359580052493438,10.472440944881889,5.380577427821522,0.10498687664041995,29.317585301837273
mjy5eokIm3U,8035,1705,920,2.134716335686305,3.609384164222874,9.342270483233458,56.422287390029325,21.51319648093842,14.545454545454545,14.158357771260999,12.49266862170088,5.853372434017595,0.03519061583577712,31.40175953079179
b2ng8HuPLTk,1702,608,239,1.8514569680793715,2.9539473684210527,7.053580252147105,42.43421052631579,35.888157894736835,15.85526315789474,11.973684210526315,10.427631578947368,4.967105263157895,0.2302631578947368,20.657894736842106
WY0j1cZtnp0,1784,689,206,1.9660209794710075,3.1033381712627,7.831824295799457,46.879535558780844,32.74310595065312,15.152394775036285,12.62699564586357,11.23367198838897,4.992743105950653,0.11611030478955009,23.134978229317856
OUdXMoY6fLY,1456,582,189,1.7868391103016605,2.99106529209622,7.3546638411607494,44.15807560137457,34.05498281786941,15.223367697594501,14.295532646048109,11.40893470790378,4.020618556701031,0.10309278350515465,20.893470790378004
lmI7NnMqwLQ,1394,540,192,1.6847754889778999,2.9422222222222225,6.851561111111111,41.11111111111111,36.148148148148145,15.62962962962963,13.074074074074074,9.851851851851851,3.5925925925925926,0.03703703703703704,21.666666666666668
p-VDVI1GMZk,1651,695,190,2.0981623232573123,3.115107913669065,7.201386383945477,42.87769784172662,31.309352517985612,16.345323741007192,13.899280575539569,10.014388489208633,4.83453237410072,0.08633093525179855,23.510791366906474
qZXpgf8N6hs,1593,666,199,1.699018610527192,3.1876876876876876,8.434301498483409,50.9009009009009,31.261261261261257,14.594594594594595,13.453453453453454,10.78078078078078,4.624624624624625,0.060060060060060066,25.225225225225223
zD68reVP0Ek,1469,630,183,1.5925089399351098,3.069206349206349,7.691631381733022,46.19047619047619,32.03174603174603,15.42857142857143,14.444444444444443,11.396825396825397,5.079365079365079,0.12698412698412698,21.492063492063494
skvnj67YGmw,1757,640,194,1.7861928526240083,3.2112499999999997,7.826102996134021,46.71875,30.843750000000004,15.625,12.40625,10.218750000000002,4.5,0.03125,26.375000000000004
fbyIYXEu-nQ,1529,576,187,1.7729408027305054,2.9354166666666663,7.313677941176471,43.75,35.0,16.28472222222222,14.0625,9.583333333333334,4.965277777777779,0.20833333333333334,19.895833333333332
iqKdEhx-dD4,1846,768,241,1.6610921920229327,3.023697916666667,7.76092625561895,46.74479166666667,32.083333333333336,16.40625,14.6875,11.197916666666668,5.130208333333333,0.20833333333333334,20.286458333333336
GAPqEAWW9lc,51,41,12,1.169421785894752,2.1121951219512196,3.6768975609756103,21.951219512195124,55.1219512195122,15.609756097560975,12.195121951219512,5.853658536585366,2.4390243902439024,0.0,8.78048780487805
XHGKIzCcVa0,1208,484,131,1.8243032721759669,3.0144628099173554,7.145293375812251,42.35537190082644,32.231404958677686,16.776859504132233,13.801652892561982,11.81818181818182,5.24793388429752,0.0,20.123966942148762
VhVtK7UhKbI,203,137,23,1.9131842269278352,2.394160583941606,5.509014788955887,32.11678832116788,48.9051094890511,15.912408759124089,11.824817518248175,7.2992700729927,2.3357664233576645,0.0,13.72262773722628
KUddy8RGwns,1326,650,106,1.8531042256112988,3.28,8.782683309143687,51.69230769230769,27.50769230769231,15.569230769230769,13.938461538461539,12.584615384615383,5.2,0.06153846153846154,25.138461538461538
OC8_Sjlvxic,1051,517,114,1.8794610134619896,2.9945841392649903,7.604008334181683,45.26112185686654,33.849129593810446,16.750483558994198,12.804642166344294,10.483558994197292,4.912959381044487,0.07736943907156674,21.12185686653772
csInNn6pfT4,1077,504,115,1.8205773536456586,3.145238095238095,7.325645734989649,43.452380952380956,32.22222222222222,15.277777777777779,12.896825396825399,9.96031746031746,4.642857142857142,0.07936507936507936,24.920634920634917
dWcdBOYy_bU,1013,553,97,1.7230633244186573,3.2755877034358045,8.827011137003414,52.62206148282098,28.535262206148282,16.057866184448464,12.694394213381555,11.139240506329113,5.1717902350813745,0.108499095840868,26.292947558770347
IJhgZBn-LHg,1536,623,131,1.7731630023402738,3.1855537720706257,8.058375244140027,47.351524879614765,30.208667736757622,16.115569823434996,12.776886035313002,11.300160513643661,5.008025682182986,0.12841091492776885,24.462279293739968
SrU9YDoXE88,1542,458,161,1.788337067801917,3.062882096069869,7.783959228620251,46.288209606986904,34.148471615720524,15.109170305676855,13.100436681222707,9.43231441048035,4.366812227074235,0.08733624454148471,23.75545851528384
ObiqJzfyACM,1326,471,151,1.7485496801130438,2.8433121019108283,6.4029063370875,37.79193205944799,37.239915074309984,16.475583864118896,13.375796178343949,9.893842887473461,3.6518046709129512,0.0,19.363057324840767
ffUnNaQTfZE,1439,588,145,1.8365026930159392,3.175850340136054,8.091846084916726,48.12925170068027,29.25170068027211,15.408163265306122,14.965986394557824,11.666666666666666,6.292517006802721,0.06802721088435375,22.346938775510207
fCn8zs912OE,1443,653,114,1.7789935617752455,3.233384379785605,8.631644748932056,50.68912710566615,28.422664624808576,16.171516079632465,14.027565084226644,11.179173047473201,5.421133231240429,0.18376722817764166,24.59418070444104
s86-Z-CbaHA,1722,583,183,1.8911790207451196,3.1104631217838765,7.969009172454519,47.512864493996574,32.658662092624354,15.09433962264151,13.7221269296741,9.67409948542024,4.76843910806175,0.0686106346483705,24.013722126929675
Ks8WH3xUo_E,813,477,61,1.781791677008593,3.268763102725367,8.572613657765405,50.10482180293501,27.21174004192872,17.0230607966457,13.20754716981132,11.823899371069183,5.70230607966457,0.20964360587002098,24.821802935010485
VB_GWz25B3Q,768,419,66,2.1754369224219565,3.0348448687350835,7.3981421566500325,43.198090692124104,31.217183770883057,16.897374701670646,15.035799522673033,11.312649164677804,5.107398568019093,0.0954653937947494,20.334128878281625
Jzfpyo-q-RM,913,502,64,2.188431647747254,3.290836653386454,9.5776546812749,56.17529880478087,24.541832669322712,16.49402390438247,16.095617529880478,13.94422310756972,6.055776892430279,0.0796812749003984,22.788844621513945
4b33NTAuF5E,1109,591,96,2.1193688267887265,3.184433164128596,9.309582318104907,55.32994923857868,28.561759729272424,16.412859560067684,13.604060913705585,13.367174280879865,5.549915397631134,0.0676818950930626,22.436548223350254
gLZJlf5rHVs,888,484,73,2.231798419782102,3.1892561983471075,8.008993920525302,46.90082644628099,28.305785123966942,16.03305785123967,14.834710743801653,12.603305785123966,5.702479338842976,0.1652892561983471,22.355371900826444
dSu5sXmsur4,807,460,61,2.210420291182125,3.1973913043478257,8.860118389166074,51.95652173913044,27.739130434782606,15.34782608695652,15.391304347826088,13.652173913043478,6.695652173913044,0.043478260869565216,21.130434782608695
xxFqPNPJuU8,103,83,9,1.9886363636363635,2.580722891566265,6.84559625167336,39.75903614457831,44.096385542168676,17.10843373493976,10.602409638554217,8.433734939759036,4.337349397590361,0.0,15.421686746987953
CWu29PRCUvQ,855,457,71,2.11268879158447,2.9759299781181623,7.749440194779179,45.29540481400438,32.29759299781181,17.286652078774615,13.87308533916849,11.947483588621445,6.2582056892779,0.0,18.336980306345733
3mnSDifDSxQ,929,404,76,1.9035293060037517,3.0490099009900993,7.836864043772799,45.79207920792079,30.94059405940594,16.98019801980198,14.653465346534656,11.782178217821784,4.9504950495049505,0.0,20.693069306930692
B3QTAgHlwEg,729,460,53,1.9935980232492851,3.2256521739130433,7.478799179655457,43.04347826086957,27.434782608695652,15.565217391304348,15.0,13.391304347826088,6.217391304347827,0.08695652173913043,22.304347826086957
y8XvQNt26KI,718,402,74,2.2858007549003516,3.0582089552238805,7.787074949576443,46.26865671641791,30.447761194029855,16.517412935323385,15.024875621890546,12.736318407960201,5.323383084577114,0.1492537313432836,19.80099502487562
rhFK5_Nx9xY,923,470,86,2.188749396113962,3.197872340425532,8.864079564571993,52.76595744680851,30.127659574468087,14.468085106382977,12.978723404255318,13.234042553191491,6.297872340425532,0.1276595744680851,22.76595744680851
ck4RGeoHFko,832,493,68,2.2072839505104587,3.121298174442191,8.389771196754563,49.290060851926974,27.586206896551722,16.511156186612578,16.63286004056795,14.361054766734279,5.273833671399594,0.0,19.634888438133874
oHHSSJDJ4oo,838,463,80,2.1302838601058234,3.190496760259179,7.715434730021599,45.57235421166307,29.15766738660907,15.809935205183587,13.563714902807774,12.786177105831534,5.658747300215983,0.08639308855291578,22.937365010799137
YbgnlkJPga4,627,359,50,1.9830141018756084,2.982172701949861,7.615326618384401,44.28969359331476,34.874651810584965,15.487465181058496,13.70473537604457,10.139275766016713,4.066852367688022,0.05571030640668524,21.671309192200557
QImCld9YubE,891,425,76,2.0119545831271086,3.0183529411764702,7.491941795665635,43.76470588235294,31.717647058823534,17.270588235294117,14.070588235294117,11.858823529411765,4.564705882352941,0.047058823529411764,20.47058823529412
BtN-goy9VOY,711,414,74,2.1810748764462367,3.1038647342995165,7.913881002741873,47.10144927536232,29.178743961352655,16.47342995169082,15.797101449275363,12.608695652173912,5.217391304347826,0.14492753623188406,20.57971014492754
1AElONvi9WQ,652,344,61,2.1625327448084404,3.044767441860465,7.920238028974458,46.80232558139535,32.55813953488372,16.27906976744186,13.77906976744186,10.406976744186046,5.465116279069767,0.11627906976744186,21.3953488372093
oakWgLqCwUc,750,415,70,2.1659518458494125,3.3455421686746987,9.434705679862308,56.3855421686747,25.734939759036145,15.27710843373494,14.891566265060241,12.433734939759036,6.120481927710843,0.0,25.542168674698797
v3y8AIEX_dU,701,371,62,2.050453463791277,3.1299191374663073,7.838670619946093,46.091644204851754,29.70350404312668,17.52021563342318,13.584905660377359,11.320754716981133,5.013477088948788,0.0,22.857142857142858
WPPPFqsECz0,786,442,74,2.240871817077467,2.98868778280543,8.278936504830622,49.095022624434385,32.71493212669683,16.60633484162896,13.665158371040723,12.171945701357465,5.791855203619909,0.13574660633484162,18.914027149321267
dqwpQarrDwk,719,399,65,2.152109764775119,3.0671679197994983,7.553238773857721,44.3609022556391,30.526315789473685,16.591478696741856,14.536340852130325,12.13032581453634,6.416040100250626,0.05012531328320802,19.74937343358396
udFxKZRyQt4,694,371,56,2.018930778956929,3.2172506738544477,7.8925563342318075,46.091644204851754,29.973045822102428,15.148247978436657,13.530997304582213,10.997304582210242,5.22911051212938,0.05390835579514825,25.067385444743934
5iPH-br_eJQ,720,448,64,2.131182570993134,3.0223214285714284,7.043178571428571,41.07142857142857,30.40178571428571,18.035714285714285,14.508928571428573,12.5,5.089285714285714,0.08928571428571429,19.375
cqECNYmM23A,765,419,62,2.141770895036198,3.3894988066825773,8.827322195704058,52.02863961813843,25.011933174224342,15.560859188544155,14.558472553699284,11.742243436754176,6.58711217183771,0.0954653937947494,26.443914081145586
PaErPyEnDvk,873,533,69,1.8556669521725495,3.4352720450281424,8.47811067786932,49.71857410881801,25.0281425891182,13.47091932457786,14.934333958724203,12.870544090056285,6.904315196998123,0.075046904315197,26.71669793621013
h6fcK_fRYaI,382,237,74,1.4856327215648673,2.59746835443038,5.452752104002737,32.91139240506329,47.17299578059072,13.670886075949367,10.548523206751055,7.257383966244725,3.5443037974683547,0.08438818565400844,17.72151898734177
7_e0CA_nhaE,691,384,52,2.0244254988692254,3.2677083333333328,8.430748317307692,49.21875,27.864583333333332,15.572916666666666,13.072916666666668,12.760416666666666,6.874999999999999,0.052083333333333336,23.802083333333336
ouAccsTzlGU,838,456,68,2.081605982441888,3.189035087719298,8.748637409700724,51.53508771929825,28.289473684210524,15.877192982456142,15.307017543859649,12.236842105263158,5.745614035087719,0.043859649122807015,22.499999999999996
ipVxxxqwBQw,796,401,61,1.9214736591369248,3.1810473815461346,8.719433857978007,51.12219451371571,29.027431421446387,16.60847880299252,14.264339152119701,10.922693266832917,5.685785536159601,0.0,23.49127182044888
uFk0mgljtns,533,323,52,1.9548631226041835,2.7907120743034057,7.499019195046441,44.27244582043344,38.637770897832816,15.232198142414862,13.684210526315791,10.897832817337463,3.9628482972136228,0.0,17.58513931888545
f9uZ0REjIjo,120,93,7,2.1651735861230375,2.6365591397849464,6.622973886328726,36.55913978494624,46.02150537634409,13.978494623655912,7.956989247311828,10.32258064516129,5.806451612903226,0.0,15.913978494623656
BSypUV6QUNw,670,362,63,2.1549119111641266,3.1618784530386743,7.637353941945103,45.027624309392266,31.160220994475136,15.6353591160221,11.933701657458565,12.044198895027625,5.580110497237569,0.0,23.646408839779003
