,Rank,Word
0,1,the
1,2,you
2,3,i
3,4,a
4,5,to
5,6,and
6,7,of
7,8,it
8,9,in
9,10,my
10,11,that
11,12,is
12,13,this
13,14,me
14,15,your
15,16,for
16,17,oh
17,18,i'm
18,19,on
19,20,we
20,21,what
21,22,no
22,23,all
23,24,have
24,25,be
25,26,but
26,27,don't
27,28,it's
28,29,do
29,30,are
30,31,just
31,32,with
32,33,not
33,34,like
34,35,so
35,36,well
36,37,now
37,38,was
38,39,get
39,40,can
40,41,you're
41,42,know
42,43,homer
43,44,out
44,45,here
45,46,one
46,47,at
47,48,that's
48,49,up
49,50,hey
50,51,right
51,52,if
52,53,go
53,54,got
54,55,bart
55,56,he
56,57,how
57,58,our
58,59,about
59,60,there
60,61,i'll
61,62,good
62,63,come
63,64,yeah
64,65,see
65,66,will
66,67,they
67,68,want
68,69,marge
69,70,man
70,71,from
71,72,as
72,73,think
73,74,an
74,75,little
75,76,can't
76,77,look
77,78,why
78,79,him
79,80,back
80,81,did
81,82,okay
82,83,who
83,84,dad
84,85,some
85,86,us
86,87,time
87,88,when
88,89,gonna
89,90,uh
90,91,take
91,92,could
92,93,simpson
93,94,his
94,95,never
95,96,lisa
96,97,going
97,98,yes
98,99,we're
99,100,i've
100,101,say
101,102,he's
102,103,by
103,104,make
104,105,would
105,106,more
106,107,been
107,108,or
108,109,love
109,110,let's
110,111,really
111,112,there's
112,113,has
113,114,her
114,115,way
115,116,down
116,117,mr
117,118,too
118,119,off
119,120,them
120,121,boy
121,122,give
122,123,something
123,124,need
124,125,where
125,126,were
126,127,only
127,128,people
128,129,what's
129,130,then
130,131,over
131,132,tell
132,133,am
133,134,sorry
134,135,had
135,136,these
136,137,let
137,138,those
138,139,two
139,140,sure
140,141,didn't
141,142,day
142,143,thing
143,144,kids
144,145,please
145,146,wait
146,147,new
147,148,mom
148,149,hmm
149,150,should
150,151,she
151,152,first
152,153,ever
153,154,better
154,155,stop
155,156,great
156,157,sir
157,158,again
158,159,god
159,160,old
160,161,help
161,162,maybe
162,163,big
163,164,any
164,165,thank
165,166,i'd
166,167,into
167,168,home
168,169,life
169,170,even
170,171,they're
171,172,than
172,173,very
173,174,gasps
174,175,put
175,176,school
176,177,said
177,178,their
178,179,mean
179,180,work
180,181,show
181,182,you've
182,183,laughing
183,184,made
184,185,son
185,186,ooh
186,187,we'll
187,188,much
188,189,hello
189,190,because
190,191,huh
191,192,last
192,193,you'll
193,194,springfield
194,195,call
195,196,always
196,197,still
197,198,money
198,199,must
199,200,name
200,201,family
201,202,night
202,203,groans
203,204,find
204,205,doing
205,206,before
206,207,thought
207,208,won't
208,209,house
209,210,every
210,211,next
211,212,ah
212,213,guy
213,214,anything
214,215,thanks
215,216,bad
216,217,isn't
217,218,guess
218,219,feel
219,220,away
220,221,burns
221,222,three
222,223,d'oh
223,224,nothing
224,225,things
225,226,baby
226,227,keep
227,228,wow
228,229,years
229,230,nice
230,231,other
231,232,gotta
232,233,does
233,234,place
234,235,we've
235,236,world
236,237,both
237,238,real
238,239,after
239,240,mmm
240,241,believe
241,242,lot
242,243,best
243,244,guys
244,245,car
245,246,ow
246,247,remember
247,248,hear
248,249,own
249,250,long
250,251,dog
251,252,around
252,253,kill
253,254,moe
254,255,fun
255,256,whoa
256,257,krusty
257,258,another
258,259,may
259,260,stupid
260,261,doesn't
261,262,grunting
262,263,grunts
263,264,talk
264,265,done
265,266,here's
266,267,happy
267,268,today
268,269,singing
269,270,use
270,271,play
271,272,which
272,273,she's
273,274,children
274,275,kind
275,276,job
276,277,wrong
277,278,fine
278,279,getting
279,280,screams
280,281,everything
281,282,girl
282,283,someone
283,284,chuckles
284,285,honey
285,286,through
286,287,coming
287,288,eat
288,289,father
289,290,most
290,291,everyone
291,292,milhouse
292,293,mother
293,294,while
294,295,worry
295,296,many
296,297,screaming
297,298,hi
298,299,enough
299,300,looks
300,301,leave
301,302,watch
302,303,hell
303,304,listen
304,305,left
305,306,shut
306,307,minute
307,308,tonight
308,309,tv
309,310,maggie
310,311,simpsons
311,312,try
312,313,talking
313,314,turn
314,315,town
315,316,friend
316,317,cool
317,318,being
318,319,friends
319,320,beer
320,321,live
321,322,kid
322,323,might
323,324,homie
324,325,without
325,326,miss
326,327,flanders
327,328,who's
328,329,room
329,330,care
330,331,everybody
331,332,once
332,333,book
333,334,wanna
334,335,stay
335,336,seen
336,337,aw
337,338,hope
338,339,told
339,340,boys
340,341,free
341,342,head
342,343,um
343,344,such
344,345,used
345,346,ya
346,347,wouldn't
347,348,run
348,349,young
349,350,whole
350,351,game
351,352,pay
352,353,dead
353,354,pretty
354,355,heard
355,356,check
356,357,continues
357,358,start
358,359,tires
359,360,together
360,361,door
361,362,yourself
362,363,sweet
363,364,course
364,365,wanted
365,366,smithers
366,367,sighs
367,368,actually
368,369,woman
369,370,says
370,371,read
371,372,trying
372,373,buy
373,374,already
374,375,'em
375,376,wife
376,377,idea
377,378,skinner
378,379,beautiful
379,380,problem
380,381,dear
381,382,forget
382,383,hard
383,384,cheering
384,385,five
385,386,face
386,387,welcome
387,388,found
388,389,hot
389,390,gone
390,391,eh
391,392,came
392,393,you'd
393,394,called
394,395,groaning
395,396,party
396,397,crazy
397,398,happened
398,399,mind
399,400,wish
400,401,myself
401,402,food
402,403,anyone
403,404,makes
404,405,laughs
405,406,movie
406,407,lost
407,408,stuff
408,409,mrs
409,410,where's
410,411,die
411,412,making
412,413,same
413,414,true
414,415,ned
415,416,since
416,417,'cause
417,418,lady
418,419,bring
419,420,cut
420,421,ask
421,422,looking
422,423,excuse
423,424,music
424,425,year
425,426,word
426,427,open
427,428,hair
428,429,hate
429,430,eyes
430,431,morning
431,432,playing
432,433,end
433,434,special
434,435,number
435,436,screeching
436,437,heart
437,438,story
438,439,chief
439,440,fat
440,441,tomorrow
441,442,hold
442,443,yet
443,444,christmas
444,445,shh
445,446,went
446,447,having
447,448,damn
448,449,four
449,450,thinking
450,451,funny
451,452,afraid
452,453,haven't
453,454,comes
454,455,ain't
455,456,win
456,457,finally
457,458,aren't
458,459,voice
459,460,lord
460,461,saying
461,462,part
462,463,else
463,464,also
464,465,class
465,466,days
466,467,each
467,468,business
468,469,couldn't
469,470,under
470,471,meet
471,472,knew
472,473,week
473,474,phone
474,475,ready
475,476,least
476,477,second
477,478,few
478,479,perfect
479,480,save
480,481,wasn't
481,482,saw
482,483,point
483,484,easy
484,485,bob
485,486,understand
486,487,fight
487,488,rock
488,489,took
489,490,power
490,491,taking
491,492,gets
492,493,minutes
493,494,fire
494,495,till
495,496,full
496,497,beeping
497,498,goes
498,499,until
499,500,change
500,501,move
501,502,bell
502,503,sounds
503,504,dinner
504,505,hit
505,506,hand
506,507,wants
507,508,bed
508,509,pick
509,510,its
510,511,gave
511,512,deal
512,513,supposed
513,514,break
514,515,stand
515,516,humming
516,517,ball
517,518,ringing
518,519,men
519,520,drink
520,521,daddy
521,522,song
522,523,anymore
523,524,uh-oh
524,525,grampa
525,526,news
526,527,means
527,528,water
528,529,needs
529,530,bart's
530,531,brother
531,532,dr
532,533,sleep
533,534,hurt
534,535,set
535,536,times
536,537,bar
537,538,million
538,539,ha
539,540,married
540,541,bet
541,542,city
542,543,husband
543,544,gasping
544,545,air
545,546,mm-hmm
546,547,brought
547,548,attention
548,549,quit
549,550,chattering
550,551,sit
551,552,hands
552,553,rest
553,554,alone
554,555,dream
555,556,whatever
556,557,chuckling
557,558,plant
558,559,answer
559,560,learn
560,561,matter
561,562,line
562,563,shouting
563,564,sound
564,565,enjoy
565,566,important
566,567,store
567,568,team
568,569,close
569,570,nelson
570,571,president
571,572,sign
572,573,hours
573,574,principal
574,575,kiss
575,576,death
576,577,drive
577,578,watching
578,579,side
579,580,anyway
580,581,mad
581,582,mine
582,583,apu
583,584,working
584,585,top
585,586,pants
586,587,wonderful
587,588,seems
588,589,quite
589,590,probably
590,591,birthday
591,592,sister
592,593,chance
593,594,test
594,595,trouble
595,596,ice
596,597,poor
597,598,crowd
598,599,he'll
599,600,late
600,601,clown
601,602,itchy
602,603,ago
603,604,country
604,605,dollars
605,606,seymour
606,607,secret
607,608,whoo-hoo
608,609,glad
609,610,box
610,611,case
611,612,ladies
612,613,inside
613,614,police
614,615,nobody
615,616,front
616,617,later
617,618,fair
618,619,america
619,620,bus
620,621,happen
621,622,shot
622,623,card
623,624,six
624,625,marriage
625,626,alive
626,627,throw
627,628,won
628,629,except
629,630,exactly
630,631,behind
631,632,eating
632,633,gentlemen
633,634,soon
634,635,women
635,636,walk
636,637,killed
637,638,american
638,639,telling
639,640,question
640,641,high
641,642,bit
642,643,girls
643,644,order
644,645,dance
645,646,shall
646,647,picture
647,648,lenny
648,649,parents
649,650,spend
650,651,candy
651,652,beat
652,653,ralph
653,654,sick
654,655,ho
655,656,butt
656,657,learned
657,658,person
658,659,clean
659,660,plan
660,661,lives
661,662,yours
662,663,truth
663,664,started
664,665,somebody
665,666,rings
666,667,cat
667,668,send
668,669,catch
669,670,write
670,671,against
671,672,murmuring
672,673,forever
673,674,knows
674,675,far
675,676,they'll
676,677,tree
677,678,child
678,679,good-bye
679,680,different
680,681,fish
681,682,doctor
682,683,fast
683,684,folks
684,685,almost
685,686,terrible
686,687,proud
687,688,snoring
688,689,eight
689,690,tried
690,691,war
691,692,favorite
692,693,scratchy
693,694,laugh
694,695,red
695,696,earth
696,697,sideshow
697,698,saved
698,699,barney
699,700,sell
700,701,nuclear
701,702,promise
702,703,teach
703,704,along
704,705,lucky
705,706,wedding
706,707,couple
707,708,it'll
708,709,wiggum
709,710,bucks
710,711,rich
711,712,blood
712,713,worse
713,714,ten
714,715,dogs
715,716,gun
716,717,future
717,718,quiet
718,719,throat
719,720,ride
720,721,eye
721,722,date
722,723,horn
723,724,kent
724,725,we'd
725,726,feeling
726,727,half
727,728,less
728,729,ends
729,730,lose
730,731,bought
731,732,living
732,733,moment
733,734,return
734,735,lie
735,736,church
736,737,ahead
737,738,bill
738,739,roll
739,740,blue
740,741,whistle
741,742,human
742,743,laughter
743,744,words
744,745,selma
745,746,pie
746,747,become
747,748,wonder
748,749,state
749,750,willie
750,751,body
751,752,outside
752,753,loud
753,754,king
754,755,using
755,756,panting
756,757,machine
757,758,small
758,759,smell
759,760,cream
760,761,hat
761,762,perhaps
762,763,soul
763,764,mouth
764,765,giving
765,766,sobbing
766,767,quick
767,768,seven
768,769,uh-huh
769,770,ohh
770,771,reason
771,772,brain
772,773,paper
773,774,whimpering
774,775,whoo
775,776,evil
776,777,cold
777,778,instead
778,779,office
779,780,excellent
780,781,dude
781,782,shouldn't
782,783,sweetie
783,784,worst
784,785,fired
785,786,monkey
786,787,hour
787,788,paid
788,789,wear
789,790,act
790,791,floor
791,792,la
792,793,stick
793,794,company
794,795,light
795,796,greatest
796,797,boss
797,798,super
798,799,chorus
799,800,street
800,801,sometimes
801,802,pass
802,803,yelling
803,804,smart
804,805,fault
805,806,join
806,807,safe
807,808,met
808,809,wake
809,810,relax
810,811,lousy
811,812,gay
812,813,honor
813,814,lunch
814,815,books
815,816,turned
816,817,film
817,818,sex
818,819,fact
819,820,takes
820,821,hang
821,822,moe's
822,823,anybody
823,824,ones
824,825,taken
825,826,lisa's
826,827,law
827,828,touch
828,829,either
829,830,aah
830,831,likes
831,832,edna
832,833,bag
833,834,seem
834,835,gas
835,836,extra
836,837,running
837,838,feet
838,839,applause
839,840,pull
840,841,step
841,842,present
842,843,luck
843,844,how's
844,845,reading
845,846,leaving
846,847,surprise
847,848,sold
848,849,angry
849,850,star
850,851,gasp
851,852,worth
852,853,piece
853,854,sad
854,855,unless
855,856,speak
856,857,forgot
857,858,bear
858,859,land
859,860,tired
860,861,trip
861,862,space
862,863,sugar
863,864,homer's
864,865,crap
865,866,problems
866,867,drunk
867,868,afford
868,869,blowing
869,870,drop
870,871,known
871,872,club
872,873,thinks
873,874,longer
874,875,key
875,876,drinking
876,877,table
877,878,english
878,879,cake
879,880,one's
880,881,idiot
881,882,shoot
882,883,daughter
883,884,between
884,885,kidding
885,886,clears
886,887,monster
887,888,yo
888,889,certainly
889,890,low
890,891,nose
891,892,calling
892,893,fly
893,894,group
894,895,works
895,896,mayor
896,897,evening
897,898,past
898,899,boring
899,900,letter
900,901,fall
901,902,radio
902,903,driving
903,904,weren't
904,905,cute
905,906,clear
906,907,white
907,908,movies
908,909,pop
909,910,teacher
910,911,ma'am
911,912,window
912,913,coffee
913,914,worked
914,915,growling
915,916,black
916,917,ass
917,918,horrible
918,919,martin
919,920,himself
920,921,stuck
921,922,happens
922,923,blow
923,924,audience
924,925,choice
925,926,though
926,927,loved
927,928,nuts
928,929,hurry
929,930,seat
930,931,prison
931,932,burn
932,933,gee
933,934,l
934,935,missed
935,936,lou
936,937,died
937,938,heaven
938,939,history
939,940,college
940,941,mm
941,942,doorbell
942,943,cheese
943,944,sort
944,945,wrote
945,946,ring
946,947,wearing
947,948,dreams
948,949,build
949,950,brockman
950,951,straight
951,952,broke
952,953,duff
953,954,art
954,955,announcer
955,956,caught
956,957,awesome
957,958,boat
958,959,krabappel
959,960,report
960,961,lise
961,962,ruined
962,963,starting
963,964,questions
964,965,hero
965,966,absolutely
966,967,age
967,968,sense
968,969,public
969,970,lesson
970,971,shoes
971,972,fresh
972,973,plus
973,974,nah
974,975,toilet
975,976,camera
976,977,trust
977,978,chair
978,979,gift
979,980,visit
980,981,grow
981,982,months
982,983,pain
983,984,milk
984,985,tickets
985,986,park
986,987,deserve
987,988,cost
988,989,share
989,990,asked
990,991,bird
991,992,dad's
992,993,knock
993,994,crying
994,995,meeting
995,996,vote
996,997,sea
997,998,glass
998,999,service
999,1000,blows
1000,1001,swear
1001,1002,breakfast
1002,1003,ahh
1003,1004,suppose
1004,1005,safety
1005,1006,system
1006,1007,yea
1007,1008,peace
1008,1009,clothes
1009,1010,sing
1010,1011,somewhere
1011,1012,court
1012,1013,weeks
1013,1014,pizza
1014,1015,tough
1015,1016,band
1016,1017,buddy
1017,1018,rather
1018,1019,meat
1019,1020,babies
1020,1021,sent
1021,1022,early
1022,1023,third
1023,1024,changed
1024,1025,local
1025,1026,realize
1026,1027,meant
1027,1028,rules
1028,1029,chocolate
1029,1030,patty
1030,1031,science
1031,1032,crime
1032,1033,french
1033,1034,geez
1034,1035,waiting
1035,1036,theme
1036,1037,finish
1037,1038,follow
1038,1039,felt
1039,1040,bowl
1040,1041,summer
1041,1042,blah
1042,1043,missing
1043,1044,field
1044,1045,gives
1045,1046,bite
1046,1047,magic
1047,1048,marry
1048,1049,lots
1049,1050,animals
1050,1051,loves
1051,1052,tongue
1052,1053,ha-ha
1053,1054,slow
1054,1055,speaking
1055,1056,ay
1056,1057,born
1057,1058,respect
1058,1059,cash
1059,1060,green
1060,1061,cover
1061,1062,deep
1062,1063,comic
1063,1064,chicken
1064,1065,punch
1065,1066,carl
1066,1067,fell
1067,1068,taste
1068,1069,mistake
1069,1070,seeing
1070,1071,kick
1071,1072,fool
1072,1073,charge
1073,1074,forgive
1074,1075,weird
1075,1076,month
1076,1077,ate
1077,1078,judge
1078,1079,killing
1079,1080,steal
1080,1081,able
1081,1082,moaning
1082,1083,honking
1083,1084,although
1084,1085,fear
1085,1086,solo
1086,1087,taught
1087,1088,wind
1088,1089,teeth
1089,1090,muttering
1090,1091,student
1091,1092,fill
1092,1093,building
1093,1094,they've
1094,1095,bunch
1095,1096,grade
1096,1097,bottle
1097,1098,handle
1098,1099,exciting
1099,1100,hundred
1100,1101,sitting
1101,1102,awful
1102,1103,video
1103,1104,control
1104,1105,blame
1105,1106,santa
1106,1107,suit
1107,1108,none
1108,1109,center
1109,1110,queen
1110,1111,students
1111,1112,entire
1112,1113,sun
1113,1114,raise
1114,1115,scared
1115,1116,today's
1116,1117,ew
1117,1118,names
1118,1119,count
1119,1120,moon
1120,1121,dollar
1121,1122,explain
1122,1123,credit
1123,1124,grand
1124,1125,during
1125,1126,simple
1126,1127,note
1127,1128,bathroom
1128,1129,cannot
1129,1130,jerk
1130,1131,nine
1131,1132,loser
1132,1133,busy
1133,1134,&
1134,1135,whistling
1135,1136,winner
1136,1137,captain
1137,1138,suck
1138,1139,single
1139,1140,hungry
1140,1141,shirt
1141,1142,dress
1142,1143,trick
1143,1144,ground
1144,1145,price
1145,1146,owe
1146,1147,admit
1147,1148,stole
1148,1149,lis
1149,1150,murder
1150,1151,siren
1151,1152,that'll
1152,1153,jazzy
1153,1154,list
1154,1155,whimpers
1155,1156,animal
1156,1157,short
1157,1158,santa's
1158,1159,yep
1159,1160,walking
1160,1161,agree
1161,1162,holy
1162,1163,double
1163,1164,wall
1164,1165,dump
1165,1166,road
1166,1167,afternoon
1167,1168,tape
1168,1169,normal
1169,1170,shelbyville
1170,1171,garbage
1171,1172,quimby
1172,1173,bye
1173,1174,otto
1174,1175,record
1175,1176,troy
1176,1177,gold
1177,1178,giant
1178,1179,popular
1179,1180,vacation
1180,1181,broken
1181,1182,reverend
1182,1183,careful
1183,1184,named
1184,1185,prove
1185,1186,original
1186,1187,putting
1187,1188,ticket
1188,1189,congratulations
1189,1190,joke
1190,1191,fellow
1191,1192,o/
1192,1193,george
1193,1194,paying
1194,1195,fix
1195,1196,seconds
1196,1197,cry
1197,1198,gotten
1198,1199,shop
1199,1200,football
1200,1201,scoffs
1201,1202,smoke
1202,1203,interesting
1203,1204,computer
1204,1205,sunday
1205,1206,amazing
1206,1207,dangerous
1207,1208,character
1208,1209,jail
1209,1210,pig
1210,1211,dumb
1211,1212,channel
1212,1213,smells
1213,1214,train
1214,1215,giggling
1215,1216,lovely
1216,1217,feelings
1217,1218,hole
1218,1219,ugly
1219,1220,interested
1220,1221,asking
1221,1222,joe
1222,1223,larry
1223,1224,sleeping
1224,1225,totally
1225,1226,truly
1226,1227,hall
1227,1228,message
1228,1229,jazz
1229,1230,cents
1230,1231,serious
1231,1232,cell
1232,1233,romantic
1233,1234,plays
1234,1235,action
1235,1236,final
1236,1237,guy's
1237,1238,weekend
1238,1239,world's
1239,1240,wailing
1240,1241,helper
1241,1242,biggest
1242,1243,push
1243,1244,fake
1244,1245,dare
1245,1246,bank
1246,1247,buzzing
1247,1248,springfield's
1248,1249,alarm
1249,1250,apple
1250,1251,yells
1251,1252,angel
1252,1253,spent
1253,1254,fighting
1254,1255,shows
1255,1256,waste
1256,1257,wine
1257,1258,personal
1258,1259,fox
1259,1260,stars
1260,1261,treat
1261,1262,promised
1262,1263,squeaking
1263,1264,given
1264,1265,weight
1265,1266,middle
1266,1267,genius
1267,1268,john
1268,1269,baseball
1269,1270,honest
1270,1271,saturday
1271,1272,innocent
1272,1273,bowling
1273,1274,form
1274,1275,sucks
1275,1276,army
1276,1277,hide
1277,1278,calm
1278,1279,ugh
1279,1280,favor
1280,1281,race
1281,1282,usually
1282,1283,de
1283,1284,passed
1284,1285,snow
1285,1286,spot
1286,1287,lived
1287,1288,abe
1288,1289,island
1289,1290,museum
1290,1291,engine
1291,1292,dark
1292,1293,outta
1293,1294,lead
1294,1295,delicious
1295,1296,keys
1296,1297,finished
1297,1298,uncle
1298,1299,famous
1299,1300,closed
1300,1301,o
1301,1302,following
1302,1303,shame
1303,1304,plane
1304,1305,hug
1305,1306,nothin'
1306,1307,bible
1307,1308,pal
1308,1309,naked
1309,1310,cartoon
1310,1311,sports
1311,1312,offer
1312,1313,station
1313,1314,dirty
1314,1315,worried
1315,1316,upon
1316,1317,figure
1317,1318,government
1318,1319,stopped
1319,1320,built
1320,1321,tour
1321,1322,cheap
1322,1323,rid
1323,1324,dancing
1324,1325,goin'
1325,1326,pool
1326,1327,completely
1327,1328,magazine
1328,1329,''
1329,1330,precious
1330,1331,kissing
1331,1332,oil
1332,1333,created
1333,1334,feels
1334,1335,foot
1335,1336,corn
1336,1337,tony
1337,1338,scary
1338,1339,ways
1339,1340,planet
1340,1341,horse
1341,1342,advice
1342,1343,sandwich
1343,1344,professor
1344,1345,strong
1345,1346,fit
1346,1347,how'd
1347,1348,strike
1348,1349,arm
1349,1350,sale
1350,1351,whose
1351,1352,god's
1352,1353,spirit
1353,1354,plenty
1354,1355,photo
1355,1356,truck
1356,1357,father's
1357,1358,cheer
1358,1359,legs
1359,1360,she'll
1360,1361,private
1361,1362,size
1362,1363,listening
1363,1364,played
1364,1365,writing
1365,1366,grave
1366,1367,program
1367,1368,decided
1368,1369,should've
1369,1370,stomach
1370,1371,stacy
1371,1372,elephant
1372,1373,mail
1373,1374,faster
1374,1375,moans
1375,1376,warm
1376,1377,kitchen
1377,1378,kwik-e-mart
1378,1379,cookies
1379,1380,poison
1380,1381,needed
1381,1382,upset
1382,1383,others
1383,1384,round
1384,1385,paint
1385,1386,beloved
1386,1387,destroy
1387,1388,blind
1388,1389,moving
1389,1390,neck
1390,1391,according
1391,1392,hasn't
1392,1393,stealing
1393,1394,tom
1394,1395,starts
1395,1396,washington
1396,1397,calls
1397,1398,fourth
1398,1399,daddy's
1399,1400,robot
1400,1401,invented
1401,1402,danger
1402,1403,button
1403,1404,games
1404,1405,tie
1405,1406,'
1406,1407,ran
1407,1408,expect
1408,1409,smile
1409,1410,happening
1410,1411,juice
1411,1412,begin
1412,1413,dig
1413,1414,stops
1414,1415,season
1415,1416,heads
1416,1417,toy
1417,1418,leader
1418,1419,b
1419,1420,possibly
1420,1421,ourselves
1421,1422,beauty
1422,1423,eggs
1423,1424,wild
1424,1425,liked
1425,1426,shake
1426,1427,st
1427,1428,lights
1428,1429,revenge
1429,1430,nature
1430,1431,security
1431,1432,language
1432,1433,episode
1433,1434,accent
1434,1435,heh
1435,1436,experience
1436,1437,fortune
1437,1438,zero
1438,1439,lying
1439,1440,gum
1440,1441,keeping
1441,1442,aye
1442,1443,feed
1443,1444,across
1444,1445,silly
1445,1446,hospital
1446,1447,everywhere
1447,1448,sauce
1448,1449,handsome
1449,1450,butter
1450,1451,freedom
1451,1452,board
1452,1453,miracle
1453,1454,cable
1454,1455,goodness
1455,1456,appreciate
1456,1457,hibbert
1457,1458,common
1458,1459,¶
1459,1460,media
1460,1461,america's
1461,1462,bread
1462,1463,yellow
1463,1464,code
1464,1465,settle
1465,1466,doin'
1466,1467,flying
1467,1468,leg
1468,1469,da
1469,1470,filled
1470,1471,fancy
1471,1472,bees
1472,1473,growls
1473,1474,everyone's
1474,1475,ye
1475,1476,helping
1476,1477,cards
1477,1478,comedy
1478,1479,neighbor
1479,1480,aunt
1480,1481,nervous
1481,1482,arms
1482,1483,homework
1483,1484,saving
1484,1485,fruit
1485,1486,mister
1486,1487,jump
1487,1488,wha
1488,1489,especially
1489,1490,year's
1490,1491,knife
1491,1492,he'd
1492,1493,twice
1493,1494,wet
1494,1495,malibu
1495,1496,award
1496,1497,mother's
1497,1498,accept
1498,1499,north
1499,1500,spending
1500,1501,shouts
1501,1502,maude
1502,1503,man's
1503,1504,squealing
1504,1505,monty
1505,1506,classic
1506,1507,television
1507,1508,contest
1508,1509,officer
1509,1510,beach
1510,1511,girlfriend
1511,1512,apologize
1512,1513,jesus
1513,1514,bigger
1514,1515,barking
1515,1516,cow
1516,1517,stories
1517,1518,snake
1518,1519,national
1519,1520,cars
1520,1521,would've
1521,1522,gem
1522,1523,choose
1523,1524,wondering
1524,1525,hollywood
1525,1526,bottom
1526,1527,montgomery
1527,1528,guns
1528,1529,mary
1529,1530,holding
1530,1531,remind
1531,1532,internet
1532,1533,stink
1533,1534,drugs
1534,1535,buck
1535,1536,dying
1536,1537,miles
1537,1538,allowed
1538,1539,energy
1539,1540,cruel
1540,1541,wash
1541,1542,aaah
1542,1543,coughing
1543,1544,accident
1544,1545,complete
1545,1546,mel
1546,1547,notice
1547,1548,powerful
1548,1549,cup
1549,1550,thousand
1550,1551,restaurant
1551,1552,mess
1552,1553,pictures
1553,1554,career
1554,1555,rod
1555,1556,yelps
1556,1557,besides
1557,1558,chittering
1558,1559,fans
1559,1560,ship
1560,1561,mama
1561,1562,pounds
1562,1563,radioactive
1563,1564,male
1564,1565,rat
1565,1566,van
1566,1567,grab
1567,1568,near
1568,1569,spit
1569,1570,elementary
1570,1571,standing
1571,1572,darling
1572,1573,keeps
1573,1574,prize
1574,1575,mommy
1575,1576,pleasure
1576,1577,losers
1577,1578,rule
1578,1579,series
1579,1580,adult
1580,1581,bones
1581,1582,glasses
1582,1583,tight
1583,1584,pork
1584,1585,someday
1585,1586,wheel
1586,1587,became
1587,1588,what'd
1588,1589,looked
1589,1590,buying
1590,1591,yesterday
1591,1592,doll
1592,1593,regular
1593,1594,clock
1594,1595,egg
1595,1596,license
1596,1597,realized
1597,1598,cops
1598,1599,mcclure
1599,1600,york
1600,1601,cartoons
1601,1602,fingers
1602,1603,turning
1603,1604,possible
1604,1605,princess
1605,1606,project
1606,1607,commercial
1607,1608,heck
1608,1609,ridiculous
1609,1610,scene
1610,1611,learning
1611,1612,ideas
1612,1613,protect
1613,1614,library
1614,1615,invited
1615,1616,brilliant
1616,1617,natural
1617,1618,trash
1618,1619,nerd
1619,1620,camp
1620,1621,factory
1621,1622,lies
1622,1623,bless
1623,1624,area
1624,1625,anywhere
1625,1626,lock
1626,1627,devil
1627,1628,guard
1628,1629,cares
1629,1630,screw
1630,1631,letters
1631,1632,model
1632,1633,yay
1633,1634,nope
1634,1635,chinese
1635,1636,americans
1636,1637,capital
1637,1638,sexy
1638,1639,insurance
1639,1640,finger
1640,1641,k
1641,1642,loving
1642,1643,spare
1643,1644,empty
1644,1645,where'd
1645,1646,tune
1646,1647,halloween
1647,1648,continue
1648,1649,someone's
1649,1650,chalmers
1650,1651,balls
1651,1652,violence
1652,1653,dry
1653,1654,freak
1654,1655,guest
1655,1656,pony
1656,1657,'bout
1657,1658,brown
1658,1659,lazy
1659,1660,score
1660,1661,sky
1661,1662,mountain
1662,1663,pa
1663,1664,warn
1664,1665,festival
1665,1666,level
1666,1667,piano
1667,1668,total
1668,1669,parking
1669,1670,saxophone
1670,1671,cop
1671,1672,force
1672,1673,situation
1673,1674,operation
1674,1675,professional
1675,1676,due
1676,1677,press
1677,1678,tip
1678,1679,bother
1679,1680,speech
1680,1681,kept
1681,1682,yard
1682,1683,papa
1683,1684,health
1684,1685,turkey
1685,1686,pretend
1686,1687,treasure
1687,1688,community
1688,1689,guilty
1689,1690,ma
1690,1691,junk
1691,1692,birds
1692,1693,clearly
1693,1694,switch
1694,1695,opening
1695,1696,hurts
1696,1697,could've
1697,1698,legal
1698,1699,dirt
1699,1700,rats
1700,1701,jobs
1701,1702,master
1702,1703,sweetheart
1703,1704,excited
1704,1705,krusty's
1705,1706,faith
1706,1707,scream
1707,1708,threw
1708,1709,selling
1709,1710,closer
1710,1711,plastic
1711,1712,everything's
1712,1713,ding
1713,1714,track
1714,1715,d
1715,1716,arrest
1716,1717,brings
1717,1718,darn
1718,1719,heavy
1719,1720,study
1720,1721,bully
1721,1722,information
1722,1723,turns
1723,1724,mystery
1724,1725,jimbo
1725,1726,covered
1726,1727,support
1727,1728,silence
1728,1729,sergeant
1729,1730,held
1730,1731,moved
1731,1732,whee
1732,1733,j
1733,1734,children's
1734,1735,seriously
1735,1736,electric
1736,1737,page
1737,1738,pet
1738,1739,salad
1739,1740,bone
1740,1741,interest
1741,1742,jack
1742,1743,burning
1743,1744,responsible
1744,1745,square
1745,1746,impossible
1746,1747,color
1747,1748,losing
1748,1749,partner
1749,1750,screech
1750,1751,ba
1751,1752,skin
1752,1753,spring
1753,1754,pink
1754,1755,shrieks
1755,1756,gimme
1756,1757,allow
1757,1758,imagine
1758,1759,friday
1759,1760,trapped
1760,1761,tax
1761,1762,Â¶
1762,1763,son's
1763,1764,bringing
1764,1765,electricity
1765,1766,steak
1766,1767,loudly
1767,1768,muffled
1768,1769,whirring
1769,1770,tea
1770,1771,couch
1771,1772,mood
1772,1773,burger
1773,1774,ray
1774,1775,testing
1775,1776,soup
1776,1777,higher
1777,1778,department
1778,1779,certain
1779,1780,whenever
1780,1781,states
1781,1782,fabulous
1782,1783,leaves
1783,1784,attitude
1784,1785,whispering
1785,1786,christian
1786,1787,member
1787,1788,oops
1788,1789,roof
1789,1790,footsteps
1790,1791,caramba
1791,1792,fan
1792,1793,fellas
1793,1794,mall
1794,1795,pair
1795,1796,crack
1796,1797,goodbye
1797,1798,poochie
1798,1799,france
1799,1800,falling
1800,1801,peanut
1801,1802,lovejoy
1802,1803,mom's
1803,1804,ghost
1804,1805,panic
1805,1806,gettin'
1806,1807,sigh
1807,1808,blues
1808,1809,religion
1809,1810,bouvier
1810,1811,sisters
1811,1812,surprised
1812,1813,insane
1813,1814,picked
1814,1815,gross
1815,1816,mark
1816,1817,suckers
1817,1818,south
1818,1819,shopping
1819,1820,booze
1820,1821,explosion
1821,1822,s
1822,1823,thoughts
1823,1824,desk
1824,1825,smoking
1825,1826,bath
1826,1827,behold
1827,1828,noise
1828,1829,hanging
1829,1830,league
1830,1831,conversation
1831,1832,numbers
1832,1833,older
1833,1834,duck
1834,1835,hm
1835,1836,customers
1836,1837,further
1837,1838,yell
1838,1839,garage
1839,1840,sighing
1840,1841,hiding
1841,1842,ocean
1842,1843,acting
1843,1844,taxes
1844,1845,duty
1845,1846,themselves
1846,1847,bacon
1847,1848,employee
1848,1849,flag
1849,1850,phony
1850,1851,wives
1851,1852,cause
1852,1853,presents
1853,1854,general
1854,1855,rent
1855,1856,odd
1856,1857,cook
1857,1858,something's
1858,1859,success
1859,1860,difference
1860,1861,''i
1861,1862,expensive
1862,1863,pure
1863,1864,figured
1864,1865,tale
1865,1866,giggles
1866,1867,county
1867,1868,simpson's
1868,1869,neighborhood
1869,1870,perfectly
1870,1871,ours
1871,1872,strange
1872,1873,hoover
1873,1874,sucker
1874,1875,lines
1875,1876,release
1876,1877,underwear
1877,1878,clicks
1878,1879,society
1879,1880,apart
1880,1881,pile
1881,1882,bike
1882,1883,potato
1883,1884,written
1884,1885,match
1885,1886,lied
1886,1887,kinda
1887,1888,thy
1888,1889,stage
1889,1890,reach
1890,1891,solve
1891,1892,smooth
1892,1893,sight
1893,1894,superintendent
1894,1895,boo
1895,1896,load
1896,1897,prepare
1897,1898,illegal
1898,1899,lay
1899,1900,meaning
1900,1901,buried
1901,1902,network
1902,1903,helen
1903,1904,math
1904,1905,noticed
1905,1906,orange
1906,1907,sport
1907,1908,witch
1908,1909,woo-hoo
1909,1910,ears
1910,1911,hearing
1911,1912,sniffing
1912,1913,chop
1913,1914,hip
1914,1915,shoe
1915,1916,planning
1916,1917,above
1917,1918,wise
1918,1919,escape
1919,1920,chewing
1920,1921,bridge
1921,1922,hired
1922,1923,winning
1923,1924,drug
1924,1925,hadn't
1925,1926,beans
1926,1927,split
1927,1928,rocks
1928,1929,clamoring
1929,1930,organ
1930,1931,frank
1931,1932,parade
1932,1933,bat
1933,1934,issue
1934,1935,celebrate
1935,1936,tiny
1936,1937,chapter
1937,1938,happiness
1938,1939,lonely
1939,1940,penny
1940,1941,pack
1941,1942,places
1942,1943,practice
1943,1944,closet
1944,1945,chomping
1945,1946,education
1946,1947,female
1947,1948,gym
1948,1949,detention
1949,1950,tells
1950,1951,killer
1951,1952,serve
1952,1953,belches
1953,1954,disco
1954,1955,stolen
1955,1956,neither
1956,1957,chanting
1957,1958,grease
1958,1959,consider
1959,1960,driver
1960,1961,crash
1961,1962,rumbling
1962,1963,coughs
1963,1964,reminds
1964,1965,healthy
1965,1966,bomb
1966,1967,they'd
1967,1968,harder
1968,1969,brothers
1969,1970,inspector
1970,1971,england
1971,1972,forward
1972,1973,c
1973,1974,cleaning
1974,1975,map
1975,1976,spy
1976,1977,spread
1977,1978,narrator
1978,1979,subject
1979,1980,tall
1980,1981,evidence
1981,1982,search
1982,1983,traffic
1983,1984,definitely
1984,1985,merry
1985,1986,ballet
1986,1987,breaking
1987,1988,collection
1988,1989,reward
1989,1990,teachers
1990,1991,scare
1991,1992,entertainment
1992,1993,wwwopensubtitlesorg
1993,1994,yourselves
1994,1995,anniversary
1995,1996,prepared
1996,1997,beef
1997,1998,ad
1998,1999,eww
1999,2000,rubber
2000,2001,schools
2001,2002,bye-bye
2002,2003,metal
2003,2004,itself
2004,2005,hearts
2005,2006,failed
2006,2007,mighty
2007,2008,brains
2008,2009,colonel
2009,2010,major
2010,2011,blaring
2011,2012,onto
2012,2013,powers
2013,2014,ear
2014,2015,alcohol
2015,2016,indeed
2016,2017,social
2017,2018,pills
2018,2019,lately
2019,2020,gambling
2020,2021,answers
2021,2022,pipe
2022,2023,bullies
2023,2024,thee
2024,2025,you|
2025,2026,lookin'
2026,2027,blimp
2027,2028,cookie
2028,2029,costume
2029,2030,plow
2030,2031,pardon
2031,2032,manager
2032,2033,blew
2033,2034,robots
2034,2035,i-i
2035,2036,tub
2036,2037,trade
2037,2038,memory
2038,2039,assistant
2039,2040,unfortunately
2040,2041,battle
2041,2042,steve
2042,2043,carry
2043,2044,cats
2044,2045,attack
2045,2046,lame
2046,2047,asleep
2047,2048,knocking
2048,2049,enter
2049,2050,theater
2050,2051,todd
2051,2052,sticks
2052,2053,chosen
2053,2054,woods
2054,2055,basketball
2055,2056,boxes
2056,2057,johnny
2057,2058,training
2058,2059,belt
2059,2060,bush
2060,2061,cigarettes
2061,2062,lawn
2062,2063,david
2063,2064,several
2064,2065,dessert
2065,2066,speed
2066,2067,british
2067,2068,lurleen
2068,2069,successful
2069,2070,reached
2070,2071,brakes
2071,2072,weak
2072,2073,transcript
2073,2074,runs
2074,2075,prank
2075,2076,apartment
2076,2077,name's
2077,2078,player
2078,2079,boyfriend
2079,2080,simply
2080,2081,peanuts
2081,2082,growing
2082,2083,dings
2083,2084,mate
2084,2085,value
2085,2086,medicine
2086,2087,lottery
2087,2088,beating
2088,2089,sector
2089,2090,doughnuts
2090,2091,often
2091,2092,invite
2092,2093,cap
2093,2094,monday
2094,2095,weather
2095,2096,flight
2096,2097,irish
2097,2098,liquor
2098,2099,plate
2099,2100,version
2100,2101,discuss
2101,2102,heat
2102,2103,row
2103,2104,soft
2104,2105,river
2105,2106,people's
2106,2107,mcbain
2107,2108,fail
2108,2109,wheels
2109,2110,express
2110,2111,decent
2111,2112,eve
2112,2113,talkin'
2113,2114,slurping
2114,2115,bust
2115,2116,hotel
2116,2117,nurse
2117,2118,grumbling
2118,2119,doubt
2119,2120,locked
2120,2121,golden
2121,2122,toys
2122,2123,ancient
2123,2124,lemon
2124,2125,foreign
2125,2126,faces
2126,2127,secrets
2127,2128,medical
2128,2129,rights
2129,2130,doc
2130,2131,lake
2131,2132,sometime
2132,2133,post
2133,2134,murdered
2134,2135,amen
2135,2136,al
2136,2137,tastes
2137,2138,add
2138,2139,behavior
2139,2140,percent
2140,2141,main
2141,2142,whip
2142,2143,beginning
2143,2144,usa
2144,2145,latest
2145,2146,march
2146,2147,correct
2147,2148,memories
2148,2149,wave
2149,2150,lower
2150,2151,peach
2151,2152,skinner's
2152,2153,exclaiming
2153,2154,property
2154,2155,decision
2155,2156,gosh
2156,2157,regret
2157,2158,meal
2158,2159,throwing
2159,2160,doomed
2160,2161,within
2161,2162,minds
2162,2163,cast
2163,2164,awfully
2164,2165,emergency
2165,2166,draw
2166,2167,straining
2167,2168,m
2168,2169,grandma
2169,2170,fifth
2170,2171,german
2171,2172,block
2172,2173,brave
2173,2174,tooth
2174,2175,nap
2175,2176,skip
2176,2177,item
2177,2178,bears
2178,2179,pathetic
2179,2180,somehow
2180,2181,remain
2181,2182,mob
2182,2183,rocket
2183,2184,shower
2184,2185,japanese
2185,2186,slams
2186,2187,gulping
2187,2188,monkeys
2188,2189,solution
2189,2190,willing
2190,2191,whale
2191,2192,quickly
2192,2193,warning
2193,2194,mention
2194,2195,led
2195,2196,aha
2196,2197,large
2197,2198,among
2198,2199,dating
2199,2200,twins
2200,2201,based
2201,2202,groan
2202,2203,arr
2203,2204,moron
2204,2205,kid's
2205,2206,rescue
2206,2207,gulps
2207,2208,tear
2208,2209,points
2209,2210,easier
2210,2211,dreamed
2211,2212,enemy
2212,2213,borrow
2213,2214,millions
2214,2215,customer
2215,2216,clicking
2216,2217,pumpkin
2217,2218,difficult
2218,2219,basement
2219,2220,criminal
2220,2221,jury
2221,2222,justice
2222,2223,mouse
2223,2224,former
2224,2225,begins
2225,2226,agreed
2226,2227,toast
2227,2228,laundry
2228,2229,teaching
2229,2230,tied
2230,2231,puzzle
2231,2232,roger
2232,2233,songs
2233,2234,marge's
2234,2235,hardly
2235,2236,statue
2236,2237,clever
2237,2238,bored
2238,2239,funeral
2239,2240,sinister
2240,2241,thousands
2241,2242,charity
2242,2243,embarrassing
2243,2244,prefer
2244,2245,chips
2245,2246,rain
2246,2247,alley
2247,2248,lifetime
2248,2249,aside
2249,2250,prince
2250,2251,guts
2251,2252,zone
2252,2253,finding
2253,2254,forest
2254,2255,tavern
2255,2256,enjoying
2256,2257,huge
2257,2258,modern
2258,2259,teddy
2259,2260,relationship
2260,2261,hook
2261,2262,tears
2262,2263,breath
2263,2264,destroyed
2264,2265,choking
2265,2266,discovered
2266,2267,charlie
2267,2268,ii
2268,2269,touched
2269,2270,jokes
2270,2271,seemed
2271,2272,opened
2272,2273,exercise
2273,2274,address
2274,2275,monsters
2275,2276,belly
2276,2277,lips
2277,2278,ham
2278,2279,vampire
2279,2280,birth
2280,2281,banana
2281,2282,curse
2282,2283,letting
2283,2284,challenge
2284,2285,flavor
2285,2286,gunshot
2286,2287,exclaims
2287,2288,suggest
2288,2289,crush
2289,2290,rage
2290,2291,average
2291,2292,example
2292,2293,shock
2293,2294,records
2294,2295,jar
2295,2296,pour
2296,2297,whoops
2297,2298,forced
2298,2299,hilarious
2299,2300,drove
2300,2301,lemonade
2301,2302,e
2302,2303,bald
2303,2304,comin'
2304,2305,budget
2305,2306,sniffs
2306,2307,players
2307,2308,screwed
2308,2309,r
2309,2310,concert
2310,2311,flowers
2311,2312,united
2312,2313,fanfare
2313,2314,champagne
2314,2315,changes
2315,2316,cruise
2316,2317,sack
2317,2318,pregnant
2318,2319,knowing
2319,2320,picking
2320,2321,grandpa
2321,2322,bills
2322,2323,chain
2323,2324,airport
2324,2325,changing
2325,2326,fallen
2326,2327,fella
2327,2328,nicely
2328,2329,comfortable
2329,2330,whoever
2330,2331,boy's
2331,2332,nobody's
2332,2333,breathe
2333,2334,mission
2334,2335,earned
2335,2336,imitating
2336,2337,shooting
2337,2338,syrup
2338,2339,hits
2339,2340,dropped
2340,2341,ruin
2341,2342,neighbors
2342,2343,stinks
2343,2344,eaten
2344,2345,buzz
2345,2346,diet
2346,2347,stampy
2347,2348,nerds
2348,2349,pulled
2349,2350,shine
2350,2351,reality
2351,2352,paul
2352,2353,hoping
2353,2354,sync
2354,2355,films
2355,2356,remembered
2356,2357,whistles
2357,2358,hereby
2358,2359,don
2359,2360,opens
2360,2361,workers
2361,2362,ultimate
2362,2363,showed
2363,2364,sentence
2364,2365,pen
2365,2366,somebody's
2366,2367,talked
2367,2368,ashamed
2368,2369,bow
2369,2370,homer|
2370,2371,surgery
2371,2372,subtitles
2372,2373,richard
2373,2374,cross
2374,2375,tone
2375,2376,old-fashioned
2376,2377,decide
2377,2378,quietly
2378,2379,union
2379,2380,spell
2380,2381,mud
2381,2382,beats
2382,2383,wife's
2383,2384,kicking
2384,2385,slowly
2385,2386,hissing
2386,2387,bucket
2387,2388,introduce
2388,2389,babe
2389,2390,pressure
2390,2391,wasted
2391,2392,toss
2392,2393,caused
2393,2394,solid
2394,2395,cousin
2395,2396,stone
2396,2397,yawns
2397,2398,billy
2398,2399,t-shirt
2399,2400,herb
2400,2401,surely
2401,2402,fantastic
2402,2403,duh
2403,2404,dressed
2404,2405,staying
2405,2406,painting
2406,2407,everyman
2407,2408,finest
2408,2409,condition
2409,2410,artist
2410,2411,bloody
2411,2412,copy
2412,2413,burglar
2413,2414,romance
2414,2415,somethin'
2415,2416,setting
2416,2417,view
2417,2418,whooping
2418,2419,hutz
2419,2420,trial
2420,2421,glue
2421,2422,there'll
2422,2423,bingo
2423,2424,staring
2424,2425,freeze
2425,2426,coat
2426,2427,dvd
2427,2428,winter
2428,2429,filthy
2429,2430,slide
2430,2431,product
2431,2432,indian
2432,2433,worker
2433,2434,backwards
2434,2435,brand
2435,2436,farm
2436,2437,rough
2437,2438,soccer
2438,2439,aww
2439,2440,flaming
2440,2441,guide
2441,2442,stranger
2442,2443,jimmy
2443,2444,bleeding
2444,2445,idiots
2445,2446,grades
2446,2447,east
2447,2448,artie
2448,2449,travel
2449,2450,plans
2450,2451,apology
2451,2452,annual
2452,2453,valuable
2453,2454,doughnut
2454,2455,wars
2455,2456,bars
2456,2457,gagging
2457,2458,sending
2458,2459,wiener
2459,2460,trap
2460,2461,gang
2461,2462,ordered
2462,2463,robbed
2463,2464,pride
2464,2465,dignity
2465,2466,frozen
2466,2467,chest
2467,2468,texas
2468,2469,gotcha
2469,2470,awards
2470,2471,creature
2471,2472,punk
2472,2473,title
2473,2474,snack
2474,2475,highly
2475,2476,flower
2476,2477,blast
2477,2478,midnight
2478,2479,type
2479,2480,hidden
2480,2481,anger
2481,2482,punish
2482,2483,talent
2483,2484,seats
2484,2485,golf
2485,2486,immediately
2486,2487,west
2487,2488,advantage
2488,2489,cabin
2489,2490,punishment
2490,2491,characters
2491,2492,motor
2492,2493,pee
2493,2494,maggie's
2494,2495,dave
2495,2496,drill
2496,2497,hippie
2497,2498,painted
2498,2499,moments
2499,2500,tiger
2500,2501,kinds
2501,2502,opportunity
2502,2503,mysterious
2503,2504,usual
2504,2505,repeat
2505,2506,suspect
2506,2507,exchange
2507,2508,checks
2508,2509,indistinct
2509,2510,newspaper
2510,2511,howling
2511,2512,silver
2512,2513,drawing
2513,2514,groundskeeper
2514,2515,holiday
2515,2516,folk
2516,2517,squeeze
2517,2518,f
2518,2519,barn
2519,2520,concerned
2520,2521,vehicle
2521,2522,wagon
2522,2523,guitar
2523,2524,jacket
2524,2525,suddenly
2525,2526,event
2526,2527,macgyver
2527,2528,kicked
2528,2529,drinks
2529,2530,beeps
2530,2531,shorts
2531,2532,happier
2532,2533,dial
2533,2534,everybody's
2534,2535,scratch
2535,2536,rope
2536,2537,adults
2537,2538,prom
2538,2539,closes
2539,2540,alien
2540,2541,quarter
2541,2542,sucking
2542,2543,deer
2543,2544,corner
2544,2545,sees
2545,2546,snakes
2546,2547,friendship
2547,2548,oy
2548,2549,apples
2549,2550,whether
2550,2551,noises
2551,2552,james
2552,2553,belong
2553,2554,mike
2554,2555,survive
2555,2556,joy
2556,2557,swing
2557,2558,sin
2558,2559,socks
2559,2560,agent
2560,2561,account
2561,2562,canada
2562,2563,snap
2563,2564,applauding
2564,2565,lick
2565,2566,fence
2566,2567,gentle
2567,2568,downtown
2568,2569,grumbles
2569,2570,ol'
2570,2571,nick
2571,2572,junior
2572,2573,shoo
2573,2574,wee
2574,2575,mix
2575,2576,rare
2576,2577,hire
2577,2578,squeal
2578,2579,smash
2579,2580,contact
2580,2581,vegetables
2581,2582,tattoo
2582,2583,strength
2583,2584,jerks
2584,2585,showing
2585,2586,chick
2586,2587,smiling
2587,2588,watched
2588,2589,celebrity
2589,2590,shrimp
2590,2591,duffman
2591,2592,charles
2592,2593,girl's
2593,2594,kitty
2594,2595,raceman
2595,2596,dust
2596,2597,quality
2597,2598,dudes
2598,2599,arts
2599,2600,magical
2600,2601,voices
2601,2602,adorable
2602,2603,nearly
2603,2604,site
2604,2605,delightful
2605,2606,michaeljackson
2606,2607,heading
2607,2608,however
2608,2609,file
2609,2610,celebrities
2610,2611,jebediah
2611,2612,tank
2612,2613,lincoln
2613,2614,bug
2614,2615,dang
2615,2616,rusty
2616,2617,aboard
2617,2618,bells
2618,2619,sake
2619,2620,civil
2620,2621,whew
2621,2622,jealous
2622,2623,disease
2623,2624,bedroom
2624,2625,labor
2625,2626,honks
2626,2627,chew
2627,2628,earn
2628,2629,rotten
2629,2630,remove
2630,2631,streets
2631,2632,angels
2632,2633,greetings
2633,2634,hated
2634,2635,defense
2635,2636,strawberry
2636,2637,hail
2637,2638,''the
2638,2639,bubble
2639,2640,musical
2640,2641,position
2641,2642,friendly
2642,2643,'tis
2643,2644,dish
2644,2645,impressed
2645,2646,religious
2646,2647,election
2647,2648,delivery
2648,2649,barely
2649,2650,including
2650,2651,forth
2651,2652,replace
2652,2653,climb
2653,2654,pity
2654,2655,yale
2655,2656,risk
2656,2657,pocket
2657,2658,violent
2658,2659,burned
2659,2660,picnic
2660,2661,nightmare
2661,2662,cutting
2662,2663,provide
2663,2664,returned
2664,2665,lamb
2665,2666,pound
2666,2667,therapy
2667,2668,basket
2668,2669,kisses
2669,2670,obvious
2670,2671,noble
2671,2672,followed
2672,2673,rub
2673,2674,bum
2674,2675,casino
2675,2676,deadly
2676,2677,liar
2677,2678,neat
2678,2679,avoid
2679,2680,vision
2680,2681,chuckle
2681,2682,helicopter
2682,2683,crappy
2683,2684,shape
2684,2685,hunting
2685,2686,howdy
2686,2687,riding
2687,2688,spray
2688,2689,oven
2689,2690,liberty
2690,2691,trees
2691,2692,burns's
2692,2693,mount
2693,2694,receive
2694,2695,pillow
2695,2696,chicks
2696,2697,holidays
2697,2698,laws
2698,2699,diamond
2699,2700,tonight's
2700,2701,sneak
2701,2702,planned
2702,2703,stands
2703,2704,ended
2704,2705,style
2705,2706,market
2706,2707,loose
2707,2708,burns'
2708,2709,results
2709,2710,pro
2710,2711,electrical
2711,2712,carnival
2712,2713,cuts
2713,2714,coach
2714,2715,imagination
2715,2716,this'll
2716,2717,owner
2717,2718,host
2718,2719,hopeless
2719,2720,belongs
2720,2721,happiest
2721,2722,physical
2722,2723,wolf
2723,2724,cecil
2724,2725,failure
2725,2726,yup
2726,2727,bastard
2727,2728,school's
2728,2729,hush
2729,2730,stamp
2730,2731,sand
2731,2732,lad
2732,2733,savings
2733,2734,must've
2734,2735,hop
2735,2736,crackling
2736,2737,ketchup
2737,2738,scam
2738,2739,suffering
2739,2740,tap
2740,2741,shadow
2741,2742,governor
2742,2743,grant
2743,2744,hates
2744,2745,supply
2745,2746,abraham
2746,2747,doors
2747,2748,bags
2748,2749,circle
2749,2750,chug
2750,2751,slap
2751,2752,believed
2752,2753,shirts
2753,2754,below
2754,2755,paradise
2755,2756,obviously
2756,2757,rice
2757,2758,stock
2758,2759,cracks
2759,2760,fries
2760,2761,slice
2761,2762,chops
2762,2763,babysitter
2763,2764,fraud
2764,2765,prices
2765,2766,material
2766,2767,who'd
2767,2768,bake
2768,2769,complain
2769,2770,cheating
2770,2771,kirk
2771,2772,balloon
2772,2773,why'd
2773,2774,surrender
2774,2775,twin
2775,2776,walls
2776,2777,forgotten
2777,2778,barbecue
2778,2779,progress
2779,2780,cherry
2780,2781,research
2781,2782,ja
2782,2783,dip
2783,2784,nonsense
2784,2785,rise
2785,2786,hideous
2786,2787,bright
2787,2788,familiar
2788,2789,opinion
2789,2790,demand
2790,2791,y
2791,2792,tim
2792,2793,fireworks
2793,2794,wire
2794,2795,synchro
2795,2796,windows
2796,2797,damage
2797,2798,mental
2798,2799,china
2799,2800,steady
2800,2801,mixed
2801,2802,skull
2802,2803,lift
2803,2804,sparkle
2804,2805,hobo
2805,2806,reporter
2806,2807,available
2807,2808,slip
2808,2809,baby's
2809,2810,crew
2810,2811,thud
2811,2812,ought
2812,2813,citizens
2813,2814,el
2814,2815,clancy
2815,2816,wide
2816,2817,electronic
2817,2818,puppies
2818,2819,pieces
2819,2820,helped
2820,2821,corpse
2821,2822,ireland
2822,2823,show's
2823,2824,upstairs
2824,2825,studio
2825,2826,bury
2826,2827,meow
2827,2828,incredible
2828,2829,michael
2829,2830,herself
2830,2831,gray
2831,2832,received
2832,2833,italian
2833,2834,cancel
2834,2835,nothing's
2835,2836,patch
2836,2837,wherever
2837,2838,corporation
2838,2839,grunt
2839,2840,rabbit
2840,2841,announce
2841,2842,jewish
2842,2843,stuffed
2843,2844,g
2844,2845,steel
2845,2846,it|
2846,2847,register
2847,2848,permission
2848,2849,debt
2849,2850,comics
2850,2851,vocalizing
2851,2852,guards
2852,2853,political
2853,2854,members
2854,2855,spanish
2855,2856,wore
2856,2857,snowball
2857,2858,pleasant
2858,2859,tube
2859,2860,mercy
2860,2861,owns
2861,2862,confused
2862,2863,booing
2863,2864,iron
2864,2865,finds
2865,2866,role
2866,2867,academy
2867,2868,smarter
2868,2869,pot
2869,2870,wood
2870,2871,ending
2871,2872,earlier
2872,2873,cracking
2873,2874,becoming
2874,2875,lawyer
2875,2876,likely
2876,2877,bee
2877,2878,declare
2878,2879,thou
2879,2880,fishing
2880,2881,terrace
2881,2882,bid
2882,2883,colors
2883,2884,moral
2884,2885,screen
2885,2886,federal
2886,2887,knocked
2887,2888,falls
2888,2889,roses
2889,2890,dean
2890,2891,parties
2891,2892,dog's
2892,2893,grew
2893,2894,garden
2894,2895,rattling
2895,2896,calendar
2896,2897,thumb
2897,2898,eddie
2898,2899,loaded
2899,2900,cheated
2900,2901,awake
2901,2902,canceled
2902,2903,crisis
2903,2904,pleased
2904,2905,sacred
2905,2906,mild
2906,2907,pole
2907,2908,shove
2908,2909,annoying
2909,2910,bunny
2910,2911,pin
2911,2912,competition
2912,2913,approaching
2913,2914,vegas
2914,2915,grown
2915,2916,fairy
2916,2917,hose
2917,2918,hawaii
2918,2919,prime
2919,2920,sock
2920,2921,manjula
2921,2922,parent
2922,2923,access
2923,2924,beers
2924,2925,grampa's
2925,2926,heroes
2926,2927,marvin
2927,2928,gibberish
2928,2929,bond
2929,2930,wayne
2930,2931,term
2931,2932,que
2932,2933,max
2933,2934,served
2934,2935,horns
2935,2936,gums
2936,2937,divorce
2937,2938,ho-hi
2938,2939,employees
2939,2940,meals
2940,2941,rapture
2941,2942,ape
2942,2943,monorail
2943,2944,schedule
2944,2945,normally
2945,2946,actor
2946,2947,tricks
2947,2948,lessons
2948,2949,pray
2949,2950,tire
2950,2951,minus
2951,2952,offense
2952,2953,abandoned
2953,2954,twisted
2954,2955,century
2955,2956,brunch
2956,2957,fallout
2957,2958,costs
2958,2959,silent
2959,2960,products
2960,2961,assure
2961,2962,coast
2962,2963,military
2963,2964,thanksgiving
2964,2965,perform
2965,2966,theory
2966,2967,chloe
2967,2968,witness
2968,2969,cocktail
2969,2970,daughter's
2970,2971,microwave
2971,2972,man|
2972,2973,gentleman
2973,2974,sweat
2974,2975,stanley
2975,2976,gil
2976,2977,nickel
2977,2978,nation
2978,2979,bride
2979,2980,drag
2980,2981,retirement
2981,2982,fires
2982,2983,boogie
2983,2984,hundreds
2984,2985,comet
2985,2986,cage
2986,2987,vey
2987,2988,prayer
2988,2989,rip
2989,2990,beyond
2990,2991,ohhh
2991,2992,boom
2992,2993,contract
2993,2994,equipment
2994,2995,p
2995,2996,performance
2996,2997,landing
2997,2998,x
2998,2999,buttons
2999,3000,riot
3000,3001,began
3001,3002,booth
3002,3003,jam
3003,3004,rude
3004,3005,enemies
3005,3006,roaring
3006,3007,wipe
3007,3008,headed
3008,3009,dame
3009,3010,cans
3010,3011,soda
3011,3012,imitates
3012,3013,oscar
3013,3014,period
3014,3015,backyard
3015,3016,cameras
3016,3017,wasting
3017,3018,pudding
3018,3019,sexual
3019,3020,lion
3020,3021,mistakes
3021,3022,signed
3022,3023,sdi
3023,3024,lab
3024,3025,machines
3025,3026,corrected
3026,3027,storm
3027,3028,seal
3028,3029,hills
3029,3030,claim
3030,3031,fate
3031,3032,enjoyed
3032,3033,acid
3033,3034,beaten
3034,3035,orchestra
3035,3036,application
3036,3037,dishes
3037,3038,kissed
3038,3039,loss
3039,3040,useless
3040,3041,items
3041,3042,agreement
3042,3043,appears
3043,3044,glory
3044,3045,exist
3045,3046,raised
3046,3047,joined
3047,3048,matters
3048,3049,humans
3049,3050,stu
3050,3051,tail
3051,3052,policy
3052,3053,float
3053,3054,fantasy
3054,3055,fever
3055,3056,dies
3056,3057,snarling
3057,3058,beep
3058,3059,tennis
3059,3060,woke
3060,3061,frankly
3061,3062,accepted
3062,3063,photos
3063,3064,pinch
3064,3065,package
3065,3066,unlike
3066,3067,assume
3067,3068,pitch
3068,3069,purchase
3069,3070,valentine's
3070,3071,disappointed
3071,3072,merely
3072,3073,slept
3073,3074,otherwise
3074,3075,recipe
3075,3076,interrupt
3076,3077,crashing
3077,3078,mint
3078,3079,knees
3079,3080,false
3080,3081,sat
3081,3082,official
3082,3083,cackling
3083,3084,april
3084,3085,paris
3085,3086,breathing
3086,3087,lobster
3087,3088,superman
3088,3089,ach
3089,3090,sounded
3090,3091,jeez
3091,3092,deliver
3092,3093,edison
3093,3094,town's
3094,3095,legend
3095,3096,h
3096,3097,daily
3097,3098,effects
3098,3099,range
3099,3100,bail
3100,3101,kidney
3101,3102,childhood
3102,3103,washing
3103,3104,clue
3104,3105,pump
3105,3106,swimming
3106,3107,foolish
3107,3108,checked
3108,3109,championship
3109,3110,plain
3110,3111,drew
3111,3112,y'all
3112,3113,wax
3113,3114,sax
3114,3115,superior
3115,3116,generation
3116,3117,bang
3117,3118,drunken
3118,3119,towards
3119,3120,impressive
3120,3121,cure
3121,3122,writers
3122,3123,blown
3123,3124,families
3124,3125,slipped
3125,3126,a's
3126,3127,chamber
3127,3128,executive
3128,3129,sputtering
3129,3130,courage
3130,3131,luann
3131,3132,path
3132,3133,appear
3133,3134,holds
3134,3135,lane
3135,3136,speaker
3136,3137,supplies
3137,3138,gravy
3138,3139,someplace
3139,3140,horses
3140,3141,bobbins
3141,3142,cheat
3142,3143,evergreen
3143,3144,mm-mmm
3144,3145,moves
3145,3146,director
3146,3147,novelty
3147,3148,counts
3148,3149,seek
3149,3150,isotopes
3150,3151,sour
3151,3152,battery
3152,3153,desperate
3153,3154,sue
3154,3155,cannon
3155,3156,humor
3156,3157,circus
3157,3158,magazines
3158,3159,per
3159,3160,chirping
3160,3161,bravo
3161,3162,international
3162,3163,t
3163,3164,shary
3164,3165,sensitive
3165,3166,passes
3166,3167,glove
3167,3168,bump
3168,3169,becomes
3169,3170,native
3170,3171,worthless
3171,3172,weapon
3172,3173,sober
3173,3174,underpants
3174,3175,skills
3175,3176,olympics
3176,3177,charged
3177,3178,commercials
3178,3179,separate
3179,3180,instrumental
3180,3181,construction
3181,3182,uh-uh
3182,3183,dime
3183,3184,sleepy
3184,3185,chip
3185,3186,opera
3186,3187,roosevelt
3187,3188,wins
3188,3189,root
3189,3190,hats
3190,3191,satan
3191,3192,backup
3192,3193,damned
3193,3194,unit
3194,3195,chimes
3195,3196,shoulder
3196,3197,rap
3197,3198,cloud
3198,3199,liver
3199,3200,carefully
3200,3201,frame
3201,3202,commit
3202,3203,thomas
3203,3204,nowhere
3204,3205,'t
3205,3206,dolphins
3206,3207,orders
3207,3208,claus
3208,3209,andy
3209,3210,treatment
3210,3211,stress
3211,3212,actual
3212,3213,brand-new
3213,3214,adventure
3214,3215,banner
3215,3216,cereal
3216,3217,log
3217,3218,twist
3218,3219,album
3219,3220,cue
3220,3221,walked
3221,3222,unfair
3222,3223,destruction
3223,3224,cletus
3224,3225,selfish
3225,3226,web
3226,3227,rag
3227,3228,job22
3228,3229,brazil
3229,3230,ceiling
3230,3231,wallet
3231,3232,current
3232,3233,whack
3233,3234,navy
3234,3235,chase
3235,3236,telephone
3236,3237,beg
3237,3238,softball
3238,3239,sheep
3239,3240,apparently
3240,3241,pins
3241,3242,sidekick
3242,3243,stays
3243,3244,skeleton
3244,3245,thunder
3245,3246,resist
3246,3247,sweater
3247,3248,mirror
3248,3249,week's
3249,3250,embarrassed
3250,3251,intelligence
3251,3252,foam
3252,3253,pilot
3253,3254,chairs
3254,3255,zaius
3255,3256,nor
3256,3257,charm
3257,3258,announcement
3258,3259,castle
3259,3260,pit
3260,3261,noah
3261,3262,menu
3262,3263,pulling
3263,3264,kids'
3264,3265,amusement
3265,3266,pencil
3266,3267,alaska
3267,3268,direct
3268,3269,waylon
3269,3270,crummy
3270,3271,voted
3271,3272,fart
3272,3273,ted
3273,3274,invention
3274,3275,makeup
3275,3276,purpose
3276,3277,mutters
3277,3278,kidnapped
3278,3279,dates
3279,3280,desert
3280,3281,olympic
3281,3282,stadium
3282,3283,request
3283,3284,ants
3284,3285,reasons
3285,3286,sniffles
3286,3287,sandwiches
3287,3288,brief
3288,3289,flash
3289,3290,billionaire
3290,3291,family's
3291,3292,louder
3292,3293,delighted
3293,3294,spider
3294,3295,gurgling
3295,3296,hockey
3296,3297,whom
3297,3298,farewell
3298,3299,warned
3299,3300,loan
3300,3301,hurting
3301,3302,dental
3302,3303,bea
3303,3304,benefit
3304,3305,gag
3305,3306,jerky
3306,3307,tests
3307,3308,stunt
3308,3309,squawking
3309,3310,bull
3310,3311,sooner
3311,3312,designed
3312,3313,hamster
3313,3314,cared
3314,3315,choke
3315,3316,design
3316,3317,heavens
3317,3318,thursday
3318,3319,hammer
3319,3320,marvelous
3320,3321,create
3321,3322,spin
3322,3323,ms
3323,3324,dad|
3324,3325,frink
3325,3326,majesty
3326,3327,recycling
3327,3328,whining
3328,3329,karate
3329,3330,eats
3330,3331,financial
3331,3332,bullet
3332,3333,tradition
3333,3334,hitting
3334,3335,rush
3335,3336,chatter
3336,3337,bedtime
3337,3338,beast
3338,3339,sharp
3339,3340,hugh
3340,3341,'60s
3341,3342,creative
3342,3343,sink
3343,3344,southern
3344,3345,universe
3345,3346,louis
3346,3347,banned
3347,3348,zoo
3348,3349,id
3349,3350,lighten
3350,3351,tag
3351,3352,boobs
3352,3353,badly
3353,3354,bottles
3354,3355,aware
3355,3356,sherman
3356,3357,thin
3357,3358,estate
3358,3359,fried
3359,3360,nervously
3360,3361,gorge
3361,3362,opposite
3362,3363,jacques
3363,3364,stores
3364,3365,cheers
3365,3366,represent
3366,3367,miserable
3367,3368,process
3368,3369,bartender
3369,3370,soap
3370,3371,wrapped
3371,3372,expression
3372,3373,outfit
3373,3374,sobs
3374,3375,mumbling
3375,3376,cigarette
3376,3377,boxing
3377,3378,cone
3378,3379,snuggle
3379,3380,kearney
3380,3381,replaced
3381,3382,creepy
3382,3383,signs
3383,3384,puppy
3384,3385,burps
3385,3386,suicide
3386,3387,guests
3387,3388,arrived
3388,3389,discount
3389,3390,entirely
3390,3391,sheet
3391,3392,clearing
3392,3393,considered
3393,3394,neddy
3394,3395,digging
3395,3396,tuck
3396,3397,proof
3397,3398,australia
3398,3399,badge
3399,3400,wing
3400,3401,shelter
3401,3402,anytime
3402,3403,murmurs
3403,3404,cupcakes
3404,3405,crushed
3405,3406,sticky
3406,3407,foul
3407,3408,ron
3408,3409,cafeteria
3409,3410,clinton
3410,3411,expecting
3411,3412,click
3412,3413,solved
3413,3414,parked
3414,3415,denver
3415,3416,adil
3416,3417,lack
3417,3418,poop
3418,3419,basic
3419,3420,harm
3420,3421,swallow
3421,3422,jones
3422,3423,firing
3423,3424,entitled
3424,3425,brush
3425,3426,babbling
3426,3427,vice
3427,3428,artists
3428,3429,dummy
3429,3430,congress
3430,3431,core
3431,3432,youth
3432,3433,worship
3433,3434,granted
3434,3435,rolling
3435,3436,tuesday
3436,3437,nelson's
3437,3438,sucked
3438,3439,global
3439,3440,dna
3440,3441,tatum
3441,3442,excitement
3442,3443,district
3443,3444,trunk
3444,3445,warren
3445,3446,command
3446,3447,disgusting
3447,3448,hill
3448,3449,maniac
3449,3450,baron
3450,3451,responsibility
3451,3452,mars
3452,3453,marty
3453,3454,trained
3454,3455,splashmore
3455,3456,simon
3456,3457,arrested
3457,3458,gate
3458,3459,supervisor
3459,3460,classy
3460,3461,grandfather
3461,3462,failing
3462,3463,recall
3463,3464,environment
3464,3465,muntz
3465,3466,motion
3466,3467,henry
3467,3468,lounge
3468,3469,gumble
3469,3470,generous
3470,3471,wicked
3471,3472,convention
3472,3473,salt
3473,3474,feast
3474,3475,sirens
3475,3476,incident
3476,3477,poem
3477,3478,thunderclap
3478,3479,pickle
3479,3480,nest
3480,3481,pops
3481,3482,thirsty
3482,3483,hitler
3483,3484,crawl
3484,3485,wednesday
3485,3486,village
3486,3487,conference
3487,3488,jell-o
3488,3489,western
3489,3490,puts
3490,3491,laid
3491,3492,towel
3492,3493,chose
3493,3494,collect
3494,3495,horror
3495,3496,monroe
3496,3497,parts
3497,3498,me|
3498,3499,robert
3499,3500,echoing
3500,3501,needle
3501,3502,monitor
3502,3503,newspapers
3503,3504,mexico
3504,3505,carrying
3505,3506,insist
3506,3507,minister
3507,3508,vest
3508,3509,peter
3509,3510,cola
3510,3511,wealthy
3511,3512,hiya
3512,3513,string
3513,3514,toes
3514,3515,salary
3515,3516,remains
3516,3517,virus
3517,3518,buffalo
3518,3519,online
3519,3520,slave
3520,3521,cooking
3521,3522,champion
3522,3523,meltdown
3523,3524,catholic
3524,3525,victory
3525,3526,praise
3526,3527,ed
3527,3528,dining
3528,3529,bob's
3529,3530,concentrate
3530,3531,route
3531,3532,triple
3532,3533,guilt
3533,3534,wreck
3534,3535,mt
3535,3536,highest
3536,3537,entertain
3537,3538,poetry
3538,3539,spits
3539,3540,stayed
3540,3541,gifts
3541,3542,closing
3542,3543,understanding
3543,3544,tomato
3544,3545,cleaned
3545,3546,wings
3546,3547,vacuum
3547,3548,gather
3548,3549,mindy
3549,3550,wig
3550,3551,thief
3551,3552,stroke
3552,3553,'n'
3553,3554,trophy
3554,3555,pounding
3555,3556,purse
3556,3557,husband's
3557,3558,sacrifice
3558,3559,returning
3559,3560,washed
3560,3561,prayers
3561,3562,fixed
3562,3563,image
3563,3564,grace
3564,3565,legally
3565,3566,purple
3566,3567,attempt
3567,3568,passengers
3568,3569,focus
3569,3570,orleans
3570,3571,lee
3571,3572,technically
3572,3573,monument
3573,3574,computers
3574,3575,spirits
3575,3576,article
3576,3577,helps
3577,3578,gary
3578,3579,grass
3579,3580,hell's
3580,3581,narrating
3581,3582,massage
3582,3583,steps
3583,3584,doctors
3584,3585,fudge
3585,3586,attractive
3586,3587,crossword
3587,3588,stood
3588,3589,burgers
3589,3590,starring
3590,3591,fits
3591,3592,honeymoon
3592,3593,biting
3593,3594,rex
3594,3595,oldest
3595,3596,undercover
3596,3597,polite
3597,3598,nails
3598,3599,fools
3599,3600,troll
3600,3601,racket
3601,3602,apply
3602,3603,cubes
3603,3604,freddy
3604,3605,madness
3605,3606,high-pitched
3606,3607,happily
3607,3608,breaks
3608,3609,potatoes
3609,3610,pill
3610,3611,twelve
3611,3612,disturbing
3612,3613,brad
3613,3614,recommend
3614,3615,popcorn
3615,3616,spoon
3616,3617,lowest
3617,3618,vegetarian
3618,3619,skipped
3619,3620,raspberry
3620,3621,deserves
3621,3622,routine
3622,3623,involved
3623,3624,laddie
3624,3625,murphy
3625,3626,ahoy
3626,3627,explode
3627,3628,tools
3628,3629,cube
3629,3630,fame
3630,3631,pageant
3631,3632,relief
3632,3633,loyal
3633,3634,chili
3634,3635,not|
3635,3636,exact
3636,3637,rabbi
3637,3638,knee
3638,3639,influence
3639,3640,recent
3640,3641,radiation
3641,3642,nail
3642,3643,dropping
3643,3644,ex
3644,3645,hiccups
3645,3646,tv's
3646,3647,sister's
3647,3648,curly
3648,3649,disaster
3649,3650,shack
3650,3651,bullets
3651,3652,pointing
3652,3653,bikes
3653,3654,swallowed
3654,3655,sir|
3655,3656,warming
3656,3657,forbidden
3657,3658,ba-ba
3658,3659,un
3659,3660,hamburger
3660,3661,goo
3661,3662,confession
3662,3663,supreme
3663,3664,helpful
3664,3665,shudders
3665,3666,noon
3666,3667,cakes
3667,3668,palace
3668,3669,forgetting
3669,3670,blanket
3670,3671,europe
3671,3672,creaking
3672,3673,bonnie
3673,3674,harvard
3674,3675,sting
3675,3676,cuckoo
3676,3677,jim
3677,3678,suspicious
3678,3679,nut
3679,3680,checking
3680,3681,freaks
3681,3682,straighten
3682,3683,thrill
3683,3684,kicks
3684,3685,patient
3685,3686,section
3686,3687,authority
3687,3688,lance
3688,3689,coincidence
3689,3690,{yi}singing
3690,3691,pages
3691,3692,eclipse
3692,3693,scores
3693,3694,swim
3694,3695,tragic
3695,3696,scar
3696,3697,standard
3697,3698,millionaire
3698,3699,dome
3699,3700,jay
3700,3701,tool
3701,3702,queer
3702,3703,notes
3703,3704,settled
3704,3705,typical
3705,3706,victim
3706,3707,bitch
3707,3708,taco
3708,3709,appearance
3709,3710,martin's
3710,3711,nature's
3711,3712,judging
3712,3713,motel
3713,3714,cries
3714,3715,snacks
3715,3716,stammering
3716,3717,soy
3717,3718,clowns
3718,3719,rate
3719,3720,lawyers
3720,3721,retired
3721,3722,lenny's
3722,3723,economy
3723,3724,drank
3724,3725,featuring
3725,3726,nanny
3726,3727,loaf
3727,3728,waited
3728,3729,darryl
3729,3730,roots
3730,3731,behave
3731,3732,treated
3732,3733,crank
3733,3734,flies
3734,3735,fifty
3735,3736,activity
3736,3737,safely
3737,3738,rooms
3738,3739,glorious
3739,3740,footage
3740,3741,citizen
3741,3742,suspended
3742,3743,journey
3743,3744,russian
3744,3745,pancakes
3745,3746,ivory
3746,3747,flesh
3747,3748,proposition
3748,3749,sincerely
3749,3750,grapes
3750,3751,knight
3751,3752,filling
3752,3753,newest
3753,3754,mustard
3754,3755,hunt
3755,3756,cheech
3756,3757,tasty
3757,3758,eveybody
3758,3759,vampires
3759,3760,weapons
3760,3761,goat
3761,3762,howard
3762,3763,quarters
3763,3764,liquid
3764,3765,knowledge
3765,3766,gutter
3766,3767,immigrants
3767,3768,ignore
3768,3769,passion
3769,3770,confidence
3770,3771,wears
3771,3772,pushing
3772,3773,practically
3773,3774,fee
3774,3775,filth
3775,3776,personally
3776,3777,luckily
3777,3778,betty
3778,3779,wrap
3779,3780,breeze
3780,3781,fought
3781,3782,bachelor
3782,3783,combination
3783,3784,so-called
3784,3785,balance
3785,3786,essay
3786,3787,nights
3787,3788,psst
3788,3789,programming
3789,3790,troubled
3790,3791,butts
3791,3792,coins
3792,3793,net
3793,3794,houten
3794,3795,deeply
3795,3796,szyslak
3796,3797,pronounce
3797,3798,defend
3798,3799,campaign
3799,3800,complaining
3800,3801,puke
3801,3802,locker
3802,3803,punching
3803,3804,production
3804,3805,spoken
3805,3806,infernal
3806,3807,inner
3807,3808,ruining
3808,3809,bailey
3809,3810,beard
3810,3811,mexican
3811,3812,halfway
3812,3813,pushed
3813,3814,winners
3814,3815,increase
3815,3816,forms
3816,3817,problemo
3817,3818,pigs
3818,3819,jet
3819,3820,it'd
3820,3821,sausage
3821,3822,eternal
3822,3823,session
3823,3824,billion
3824,3825,rainbow
3825,3826,clattering
3826,3827,fashion
3827,3828,attempted
3828,3829,chef
3829,3830,commissioner
3830,3831,captured
3831,3832,angrily
3832,3833,ogdenville
3833,3834,7-g
3834,3835,teacher's
3835,3836,joint
3836,3837,tapping
3837,3838,applesauce
3838,3839,mortgage
3839,3840,chong
3840,3841,pretzels
3841,3842,easily
3842,3843,necessary
3843,3844,gummi
3844,3845,surface
3845,3846,satellite
3846,3847,text
3847,3848,pretending
3848,3849,vance
3849,3850,fridge
3850,3851,burst
3851,3852,gunfire
3852,3853,pies
3853,3854,tying
3854,3855,university
3855,3856,jessica
3856,3857,california
3857,3858,arranged
3858,3859,towels
3859,3860,bart|
3860,3861,writer
3861,3862,script
3862,3863,softly
3863,3864,stripes
3864,3865,thick
3865,3866,portrait
3866,3867,buzzes
3867,3868,topic
3868,3869,couples
3869,3870,vicious
3870,3871,appetite
3871,3872,ken
3872,3873,robbery
3873,3874,impress
3874,3875,ashes
3875,3876,experienced
3876,3877,orphanage
3877,3878,explanation
3878,3879,trumpets
3879,3880,oughta
3880,3881,stab
3881,3882,girls'
3882,3883,vodka
3883,3884,expected
3884,3885,groin
3885,3886,poke
3886,3887,scoop
3887,3888,counting
3888,3889,squirt
3889,3890,homemade
3890,3891,pockets
3891,3892,principal's
3892,3893,sweetest
3893,3894,charges
3894,3895,require
3895,3896,skinny
3896,3897,fur
3897,3898,bothering
3898,3899,marrying
3899,3900,virgil
3900,3901,hip-hop
3901,3902,cracker
3902,3903,greater
3903,3904,haircut
3904,3905,avenue
3905,3906,hung
3906,3907,husbands
3907,3908,braces
3908,3909,worms
3909,3910,activities
3910,3911,embarrass
3911,3912,thrown
3912,3913,maya
3913,3914,fatty
3914,3915,desire
3915,3916,painful
3916,3917,sketch
3917,3918,serving
3918,3919,arnie
3919,3920,closest
3920,3921,pm
3921,3922,spine
3922,3923,trail
3923,3924,dictionary
3924,3925,bicycle
3925,3926,recognize
3926,3927,ambulance
3927,3928,distance
3928,3929,shakes
3929,3930,microphone
3930,3931,honored
3931,3932,sec
3932,3933,celebrating
3933,3934,shuddering
3934,3935,sarah
3935,3936,stinking
3936,3937,rob
3937,3938,joining
3938,3939,response
3939,3940,versus
3940,3941,hog
3941,3942,neddie
3942,3943,source
3943,3944,aisle
3944,3945,council
3945,3946,caring
3946,3947,william
3947,3948,eliza
3948,3949,creatures
3949,3950,baloney
3950,3951,particular
3951,3952,ralphie
3952,3953,mattress
3953,3954,papers
3954,3955,bonus
3955,3956,broadcast
3956,3957,taylor
3957,3958,else's
3958,3959,threat
3959,3960,awkward
3960,3961,asks
3961,3962,refrigerator
3962,3963,busted
3963,3964,roller
3964,3965,stickers
3965,3966,yoink
3966,3967,na
3967,3968,payment
3968,3969,bounty
3969,3970,waters
3970,3971,murderer
3971,3972,chill
3972,3973,lionel
3973,3974,harsh
3974,3975,erotic
3975,3976,shown
3976,3977,dinosaurs
3977,3978,eventually
3978,3979,flanders'
3979,3980,elves
3980,3981,prohibition
3981,3982,suffer
3982,3983,men's
3983,3984,urge
3984,3985,outstanding
3985,3986,ceremony
3986,3987,chat
3987,3988,pranks
3988,3989,deed
3989,3990,uhh
3990,3991,maze
3991,3992,other's
3992,3993,waverly
3993,3994,shave
3994,3995,punks
3995,3996,ford
3996,3997,chortling
3997,3998,she'd
3998,3999,mustache
3999,4000,walks
4000,4001,signal
4001,4002,necklace
4002,4003,defeat
4003,4004,anyhoo
4004,4005,sushi
4005,4006,frosting
4006,4007,tries
4007,4008,direction
4008,4009,directions
4009,4010,homes
4010,4011,facts
4011,4012,hooked
4012,4013,milhouse's
4013,4014,stretch
4014,4015,trumpeting
4015,4016,frightened
4016,4017,money's
4017,4018,therefore
4018,4019,franchise
4019,4020,inventor
4020,4021,shortcut
4021,4022,franklin
4022,4023,los
4023,4024,upbeat
4024,4025,what'll
4025,4026,armed
4026,4027,reporting
4027,4028,exit
4028,4029,ducks
4029,4030,juliet
4030,4031,timmy
4031,4032,hulk
4032,4033,culture
4033,4034,remote
4034,4035,ironic
4035,4036,inspired
4036,4037,herman
4037,4038,fatso
4038,4039,t-shirts
4039,4040,dynamite
4040,4041,cooties
4041,4042,priceless
4042,4043,committee
4043,4044,bergstrom
4044,4045,commission
4045,4046,dive
4046,4047,hut
4047,4048,donut
4048,4049,madam
4049,4050,haw
4050,4051,smith
4051,4052,torture
4052,4053,blonde
4053,4054,banging
4054,4055,younger
4055,4056,cave
4056,4057,jumping
4057,4058,sponge
4058,4059,substitute
4059,4060,bathing
4060,4061,encourage
4061,4062,woman's
4062,4063,hooting
4063,4064,odds
4064,4065,popularity
4065,4066,twenty
4066,4067,nagging
4067,4068,occasion
4068,4069,cotton
4069,4070,haunted
4070,4071,mere
4071,4072,gabbo
4072,4073,gig
4073,4074,novel
4074,4075,perfume
4075,4076,soldier
4076,4077,privacy
4077,4078,holes
4078,4079,off|
4079,4080,batman
4080,4081,sneaking
4081,4082,jelly
4082,4083,drum
4083,4084,mask
4084,4085,voyage
4085,4086,hounds
4086,4087,procedure
4087,4088,barley
4088,4089,spill
4089,4090,discussion
4090,4091,crunching
4091,4092,pretzel
4092,4093,merchandise
4093,4094,improve
4094,4095,complex
4095,4096,frisbee
4096,4097,events
4097,4098,drawer
4098,4099,dough
4099,4100,angelica
4100,4101,bold
4101,4102,frosty
4102,4103,gut
4103,4104,previous
4104,4105,chuck
4105,4106,bites
4106,4107,gently
4107,4108,poker
4108,4109,san
4109,4110,becky
4110,4111,einstein
4111,4112,con
4112,4113,gorilla
4113,4114,escaped
4114,4115,bound
4115,4116,ballad
4116,4117,freezer
4117,4118,heroic
4118,4119,extreme
4119,4120,ticking
4120,4121,gathered
4121,4122,yak
4122,4123,broadway
4123,4124,melody
4124,4125,scheme
4125,4126,wisdom
4126,4127,here|
4127,4128,flame
4128,4129,permanent
4129,4130,era
4130,4131,hunk
4131,4132,industry
4132,4133,workin'
4133,4134,cured
4134,4135,y'ello
4135,4136,blessed
4136,4137,bobo
4137,4138,freakin'
4138,4139,zap
4139,4140,producers
4140,4141,replacement
4141,4142,effort
4142,4143,betrayed
4143,4144,swings
4144,4145,conditioner
4145,4146,dealer
4146,4147,autograph
4147,4148,screeches
4148,4149,fooling
4149,4150,doggie
4150,4151,arthur
4151,4152,gore
4152,4153,review
4153,4154,dan
4154,4155,time's
4155,4156,pirate
4156,4157,tragedy
4157,4158,indians
4158,4159,buddies
4159,4160,jerry
4160,4161,dork
4161,4162,selected
4162,4163,ehh
4163,4164,clouds
4164,4165,burnsie
4165,4166,goliath
4166,4167,flush
4167,4168,le
4168,4169,florida
4169,4170,mentioned
4170,4171,steam
4171,4172,humanity
4172,4173,radical
4173,4174,jingle
4174,4175,flat
4175,4176,bands
4176,4177,confess
4177,4178,volunteer
4178,4179,author
4179,4180,lover
4180,4181,dumped
4181,4182,amount
4182,4183,whines
4183,4184,ankle
4184,4185,scientific
4185,4186,creating
4186,4187,kang
4187,4188,martha
4188,4189,plates
4189,4190,cemetery
4190,4191,suggestions
4191,4192,cows
4192,4193,curious
4193,4194,myers
4194,4195,base
4195,4196,mmm-hmm
4196,4197,bodies
4197,4198,melon
4198,4199,thing's
4199,4200,caller
4200,4201,dot
4201,4202,pete
4202,4203,touchdown
4203,4204,entered
4204,4205,ability
4205,4206,swallowing
4206,4207,fetch
4207,4208,darkness
4208,4209,cleaner
4209,4210,flushing
4210,4211,traveling
4211,4212,shy
4212,4213,bananas
4213,4214,fog
4214,4215,demon
4215,4216,magnificent
4216,4217,launch
4217,4218,leak
4218,4219,bunk
4219,4220,amber
4220,4221,literally
4221,4222,greedy
4222,4223,sloppy
4223,4224,plug
4224,4225,when's
4225,4226,car's
4226,4227,eighth
4227,4228,sample
4228,4229,virgin
4229,4230,technology
4230,4231,nicer
4231,4232,haw-haw
4232,4233,interview
4233,4234,fears
4234,4235,plutonium
4235,4236,bitter
4236,4237,bend
4237,4238,shrieking
4238,4239,framed
4239,4240,impression
4240,4241,settlement
4241,4242,ratings
4242,4243,promises
4243,4244,worn
4244,4245,coaster
4245,4246,behalf
4246,4247,cliff
4247,4248,cord
4248,4249,presentation
4249,4250,pirates
4250,4251,officials
4251,4252,matlock
4252,4253,compete
4253,4254,envy
4254,4255,naturally
4255,4256,tower
4256,4257,propose
4257,4258,cups
4258,4259,marijuana
4259,4260,discipline
4260,4261,revving
4261,4262,raw
4262,4263,saint
4263,4264,drives
4264,4265,mold
4265,4266,praying
4266,4267,hardest
4267,4268,cooler
4268,4269,pedal
4269,4270,uses
4270,4271,christ
4271,4272,hah
4272,4273,baked
4273,4274,senior
4274,4275,syndrome
4275,4276,result
4276,4277,dam
4277,4278,ages
4278,4279,angle
4279,4280,coke
4280,4281,baby-sitter
4281,4282,allowance
4282,4283,comfort
4283,4284,floating
4284,4285,roman
4285,4286,canadian
4286,4287,dice
4287,4288,stonecutters
4288,4289,crackers
4289,4290,kennedy
4290,4291,clip
4291,4292,peaceful
4292,4293,sings
4293,4294,mailman
4294,4295,rip-off
4295,4296,barks
4296,4297,snitch
4297,4298,shout
4298,4299,roars
4299,4300,quest
4300,4301,moleman
4301,4302,troubles
4302,4303,managed
4303,4304,teamwork
4304,4305,woo
4305,4306,lewis
4306,4307,tense
4307,4308,dozen
4308,4309,determine
4309,4310,display
4310,4311,whacking
4311,4312,sam
4312,4313,convinced
4313,4314,squishy
4314,4315,witches
4315,4316,derby
4316,4317,bushes
4317,4318,jungle
4318,4319,terrific
4319,4320,classroom
4320,4321,rv
4321,4322,phones
4322,4323,mom|
4323,4324,coolest
4324,4325,avenge
4325,4326,studies
4326,4327,v
4327,4328,rack
4328,4329,diaper
4329,4330,wally
4330,4331,sissy
4331,4332,homeless
4332,4333,carried
4333,4334,cement
4334,4335,vomit
4335,4336,life's
4336,4337,assignment
4337,4338,spice
4338,4339,toe
4339,4340,nixon
4340,4341,oak
4341,4342,mothers
4342,4343,exhales
4343,4344,tsk
4344,4345,degree
4345,4346,musician
4346,4347,judgment
4347,4348,explore
4348,4349,elected
4349,4350,senator
4350,4351,india
4351,4352,visiting
4352,4353,object
4353,4354,attacked
4354,4355,shakespeare
4355,4356,bribe
4356,4357,mule
4357,4358,lobby
4358,4359,goose
4359,4360,fed
4360,4361,spaceship
4361,4362,alert
4362,4363,patented
4363,4364,zing
4364,4365,bases
4365,4366,et
4366,4367,ordinary
4367,4368,walt
4368,4369,fred
4369,4370,what|
4370,4371,thuds
4371,4372,shark
4372,4373,passing
4373,4374,brandine
4374,4375,danish
4375,4376,cases
4376,4377,disappeared
4377,4378,gunshots
4378,4379,funky
4379,4380,souls
4380,4381,aliens
4381,4382,flew
4382,4383,doh
4383,4384,profits
4384,4385,mostly
4385,4386,scale
4386,4387,outrageous
4387,4388,paste
4388,4389,strip
4389,4390,slurps
4390,4391,president's
4391,4392,abuse
4392,4393,crimes
4393,4394,hid
4394,4395,racing
4395,4396,fry
4396,4397,grammar
4397,4398,kidnapping
4398,4399,je
4399,4400,proper
4400,4401,describe
4401,4402,poster
4402,4403,dumpster
4403,4404,developed
4404,4405,bench
4405,4406,management
4406,4407,humble
4407,4408,shush
4408,4409,effect
4409,4410,fascinating
4410,4411,understood
4411,4412,largest
4412,4413,drivers
4413,4414,daredevil
4414,4415,ruth
4415,4416,depressed
4416,4417,observe
4417,4418,chasing
4418,4419,joan
4419,4420,luxury
4420,4421,reindeer
4421,4422,baking
4422,4423,teen
4423,4424,eliminate
4424,4425,piggy
4425,4426,overweight
4426,4427,gags
4427,4428,constant
4428,4429,desserts
4429,4430,miami
4430,4431,extremely
4431,4432,pep
4432,4433,mock
4433,4434,crossed
4434,4435,ribs
4435,4436,reactor
4436,4437,fights
4437,4438,uniform
4438,4439,fbi
4439,4440,stake
4440,4441,expert
4441,4442,grinding
4442,4443,fully
4443,4444,shalt
4444,4445,positive
4445,4446,crow
4446,4447,pearls
4447,4448,turtle
4448,4449,night's
4449,4450,thudding
4450,4451,sunshine
4451,4452,lamp
4452,4453,bait
4453,4454,combat
4454,4455,swell
4455,4456,raven
4456,4457,hercules
4457,4458,boston
4458,4459,stare
4459,4460,quitting
4460,4461,generations
4461,4462,oi
4462,4463,goorsha
4463,4464,atlanta
4464,4465,cart
4465,4466,whipped
4466,4467,mansion
4467,4468,mechanical
4468,4469,tons
4469,4470,grizzlies
4470,4471,species
4471,4472,ingredient
4472,4473,snickering
4473,4474,directly
4474,4475,scraping
4475,4476,cocks
4476,4477,nebraska
4477,4478,jenny
4478,4479,spoil
4479,4480,imaginary
4480,4481,bartholomew
4481,4482,wolfcastle
4482,4483,catching
4483,4484,spaghetti
4484,4485,invisible
4485,4486,leprechaun
4486,4487,homerj
4487,4488,belts
4488,4489,sprinkle
4489,4490,octopus
4490,4491,protection
4491,4492,rug
4492,4493,barney's
4493,4494,baboon
4494,4495,squawks
4495,4496,recording
4496,4497,dawn
4497,4498,hippo
4498,4499,permit
4499,4500,hike
4500,4501,corporate
4501,4502,uniforms
4502,4503,dismissed
4503,4504,sane
4504,4505,teresa
4505,4506,medium
4506,4507,causing
4507,4508,smiles
4508,4509,equals
4509,4510,upside
4510,4511,agnes
4511,4512,pointless
4512,4513,whisper
4513,4514,weakness
4514,4515,candle
4515,4516,sleeps
4516,4517,popping
4517,4518,hopes
4518,4519,advance
4519,4520,mascot
4520,4521,patrol
4521,4522,answered
4522,4523,sharks
4523,4524,tummy
4524,4525,joey
4525,4526,weakly
4526,4527,shampoo
4527,4528,controversial
4528,4529,yuck
4529,4530,attached
4530,4531,tonic
4531,4532,twenty-five
4532,4533,utility
4533,4534,ovenfresh
4534,4535,ok
4535,4536,lf
4536,4537,institute
4537,4538,dreaming
4538,4539,eternity
4539,4540,ripped
4540,4541,static
4541,4542,moustache
4542,4543,honk
4543,4544,cram
4544,4545,units
4545,4546,tuna
4546,4547,violin
4547,4548,coffin
4548,4549,right|
4549,4550,self-esteem
4550,4551,pipes
4551,4552,carrot
4552,4553,recently
4553,4554,pepper
4554,4555,messages
4555,4556,wrestling
4556,4557,july
4557,4558,ungrateful
4558,4559,hippies
4559,4560,yeah|
4560,4561,relieved
4561,4562,starving
4562,4563,location
4563,4564,requires
4564,4565,zombies
4565,4566,possum
4566,4567,marching
4567,4568,secretary
4568,4569,massive
4569,4570,jeans
4570,4571,orphan
4571,4572,laughed
4572,4573,legendary
4573,4574,coin
4574,4575,rank
4575,4576,cupcake
4576,4577,pets
4577,4578,jolly
4578,4579,exhibit
4579,4580,fort
4580,4581,bony
4581,4582,technical
4582,4583,allison
4583,4584,ouch
4584,4585,client
4585,4586,toxic
4586,4587,mop
4587,4588,cities
4588,4589,squares
4589,4590,printed
4590,4591,dentist
4591,4592,drops
4592,4593,souvenir
4593,4594,correction
4594,4595,sermon
4595,4596,owned
4596,4597,slay
4597,4598,furniture
4598,4599,policeman
4599,4600,lettuce
4600,4601,women's
4601,4602,pace
4602,4603,zinc
4603,4604,studying
4604,4605,goal
4605,4606,goods
4606,4607,creation
4607,4608,shots
4608,4609,struggle
4609,4610,target
4610,4611,edge
4611,4612,balloons
4612,4613,kindly
4613,4614,dwight
4614,4615,hallelujah
4615,4616,penalty
4616,4617,rumors
4617,4618,treats
4618,4619,wacky
4619,4620,roast
4620,4621,highway
4621,4622,bugs
4622,4623,objection
4623,4624,clerk
4624,4625,cigars
4625,4626,safer
4626,4627,elderly
4627,4628,worries
4628,4629,crashes
4629,4630,marge|
4630,4631,criminals
4631,4632,jewel
4632,4633,placed
4633,4634,strategy
4634,4635,listened
4635,4636,minor
4636,4637,peas
4637,4638,speaks
4638,4639,kansas
4639,4640,goir
4640,4641,lard
4641,4642,limbo
4642,4643,wizard
4643,4644,paw
4644,4645,scent
4645,4646,poisoning
4646,4647,kills
4647,4648,dedicate
4648,4649,pointy
4649,4650,grandma's
4650,4651,fountain
4651,4652,astronaut
4652,4653,roy
4653,4654,proceed
4654,4655,fuzzy
4655,4656,dryer
4656,4657,shovel
4657,4658,adventures
4658,4659,landed
4659,4660,batteries
4660,4661,grimes
4661,4662,idol
4662,4663,background
4663,4664,yawning
4664,4665,horny
4665,4666,betting
4666,4667,witty
4667,4668,no|
4668,4669,london
4669,4670,strangle
4670,4671,envelope
4671,4672,restraining
4672,4673,powersauce
4673,4674,trailer
4674,4675,cd
4675,4676,jaw
4676,4677,symphony
4677,4678,coney
4678,4679,struck
4679,4680,volume
4680,4681,boot
4681,4682,gain
4682,4683,covers
4683,4684,farmer
4684,4685,jr
4685,4686,self
4686,4687,whiskey
4687,4688,mac
4688,4689,you|to
4689,4690,suffered
4690,4691,goofy
4691,4692,brother's
4692,4693,hans
4693,4694,reverse
4694,4695,bah
4695,4696,venus
4696,4697,arrive
4697,4698,sunk
4698,4699,genuine
4699,4700,voters
4700,4701,charming
4701,4702,marjorie
4702,4703,germans
4703,4704,lovers
4704,4705,recital
4705,4706,bigfoot
4706,4707,vent
4707,4708,rose
4708,4709,ben
4709,4710,karma
4710,4711,gloria
4711,4712,nasty
4712,4713,animated
4713,4714,snake's
4714,4715,strap
4715,4716,downstairs
4716,4717,zoom
4717,4718,tones
4718,4719,graffiti
4719,4720,entry
4720,4721,ty
4721,4722,jaws
4722,4723,it''
4723,4724,focused
4724,4725,shocking
4725,4726,approve
4726,4727,tender
4727,4728,melted
4728,4729,mutants
4729,4730,vs
4730,4731,plants
4731,4732,pan
4732,4733,protest
4733,4734,presenting
4734,4735,swept
4735,4736,alternative
4736,4737,morons
4737,4738,sadly
4738,4739,spinning
4739,4740,rolls
4740,4741,farts
4741,4742,schemes
4742,4743,despite
4743,4744,occasional
4744,4745,spells
4745,4746,models
4746,4747,tearing
4747,4748,chemicals
4748,4749,sharing
4749,4750,released
4750,4751,barrel
4751,4752,tab
4752,4753,hunter
4753,4754,underground
4754,4755,cowboy
4755,4756,wedded
4756,4757,shiny
4757,4758,connie
4758,4759,hyah
4759,4760,emotional
4760,4761,willie's
4761,4762,aid
4762,4763,sticking
4763,4764,do|
4764,4765,reunion
4765,4766,yogurt
4766,4767,trusted
4767,4768,presence
4768,4769,engaged
4769,4770,wuss
4770,4771,boots
4771,4772,assistance
4772,4773,wound
4773,4774,begging
4774,4775,globe
4775,4776,anchor
4776,4777,include
4777,4778,dye
4778,4779,resumes
4779,4780,tribute
4780,4781,precisely
4781,4782,stan
4782,4783,shady
4783,4784,complicated
4784,4785,sideburns
4785,4786,actors
4786,4787,casual
4787,4788,lunchtime
4788,4789,ease
4789,4790,dee
4790,4791,salesman
4791,4792,bumper
4792,4793,100%
4793,4794,nobel
4794,4795,louie
4795,4796,deck
4796,4797,witnesses
4797,4798,cheek
4798,4799,murderous
4799,4800,imagined
4800,4801,marketing
4801,4802,expired
4802,4803,catfish
4803,4804,objects
4804,4805,mush
4805,4806,sheriff
4806,4807,entertaining
4807,4808,prisoner
4808,4809,monte
4809,4810,tips
4810,4811,korean
4811,4812,disney
4812,4813,constitution
4813,4814,capture
4814,4815,exclusive
4815,4816,teenagers
4816,4817,luke
4817,4818,motorcycle
4818,4819,aim
4819,4820,sleigh
4820,4821,vietnam
4821,4822,images
4822,4823,halftime
4823,4824,allen
4824,4825,guarantee
4825,4826,patrick's
4826,4827,carpet
4827,4828,moist
4828,4829,scientist
4829,4830,lightning
4830,4831,eugene
4831,4832,shattering
4832,4833,joes
4833,4834,dinosaur
4834,4835,profit
4835,4836,clumsy
4836,4837,johnson
4837,4838,added
4838,4839,attorney
4839,4840,refreshing
4840,4841,buns
4841,4842,sprinkles
4842,4843,steamed
4843,4844,hmph
4844,4845,shocked
4845,4846,meaningless
4846,4847,shining
4847,4848,lunches
4848,4849,votes
4849,4850,pledge
4850,4851,caramel
4851,4852,scientists
4852,4853,respected
4853,4854,michigan
4854,4855,exotic
4855,4856,conscience
4856,4857,scum
4857,4858,bulletin
4858,4859,typing
4859,4860,disgrace
4860,4861,snickers
4861,4862,oliver
4862,4863,offering
4863,4864,experiment
4864,4865,pine
4865,4866,dolly
4866,4867,dramatic
4867,4868,oui
4868,4869,feedback
4869,4870,banks
4870,4871,terms
4871,4872,sends
4872,4873,donuts
4873,4874,practical
4874,4875,limit
4875,4876,republican
4876,4877,batter
4877,4878,wishes
4878,4879,throughout
4879,4880,claims
4880,4881,rainier
4881,4882,isolated
4882,4883,weekly
4883,4884,sells
4884,4885,abbey
4885,4886,fold
4886,4887,beware
4887,4888,zombie
4888,4889,mill
4889,4890,assembly
4890,4891,phase
4891,4892,snaps
4892,4893,sizzling
4893,4894,rodeo
4894,4895,sheets
4895,4896,toward
4896,4897,opposed
4897,4898,domestic
4898,4899,frog
4899,4900,firm
4900,4901,myth
4901,4902,supervising
4902,4903,oaf
4903,4904,stepped
4904,4905,puff
4905,4906,rented
4906,4907,riviera
4907,4908,pawn
4908,4909,committed
4909,4910,adopted
4910,4911,crooked
4911,4912,stereo
4912,4913,marks
4913,4914,blamed
4914,4915,cocoa
4915,4916,compared
4916,4917,ribbon
4917,4918,worthy
4918,4919,dimoxinil
4919,4920,destroying
4920,4921,bellowing
4921,4922,dancer
4922,4923,hooray
4923,4924,elbow
4924,4925,concludes
4925,4926,mummy
4926,4927,stairs
4927,4928,corners
4928,4929,shauna
4929,4930,attacks
4930,4931,degrees
4931,4932,shift
4932,4933,denis
4933,4934,drederick
4934,4935,ski
4935,4936,italy
4936,4937,ta
4937,4938,royal
4938,4939,nearby
4939,4940,concern
4940,4941,nancy
4941,4942,leary
4942,4943,yello
4943,4944,authorities
4944,4945,game's
4945,4946,answering
4946,4947,buttocks
4947,4948,w
4948,4949,exception
4949,4950,cracked
4950,4951,stones
4951,4952,coal
4952,4953,mischief
4953,4954,hisses
4954,4955,cawing
4955,4956,eyeballs
4956,4957,broadcasting
4957,4958,weigh
4958,4959,lets
4959,4960,unbelievable
4960,4961,print
4961,4962,waffles
4962,4963,crotch
4963,4964,differences
4964,4965,stupidest
4965,4966,collar
4966,4967,honeybunny
4967,4968,smartest
4968,4969,downloaded
4969,4970,tournament
4970,4971,ten-year-old
4971,4972,slim
4972,4973,slight
4973,4974,honestly
4974,4975,refer
4975,4976,broad
4976,4977,solar
4977,4978,bombardment
4978,4979,connection
4979,4980,grocery
4980,4981,whiz
4981,4982,that'd
4982,4983,inch
4983,4984,officially
4984,4985,determined
4985,4986,proven
4986,4987,whoop-dee-do
4987,4988,ink
4988,4989,discover
4989,4990,pencils
4990,4991,fooled
4991,4992,wooden
4992,4993,stopping
4993,4994,bra
4994,4995,annie
4995,4996,offered
4996,4997,boil
4997,4998,goodman
4998,4999,repay
4999,5000,classical
